	sc_id	spot	exp_cor_before	interface_cor_before	mix_cor_before	exp_cor_after	interface_cor_after	mix_cor_after	celltype	UMAP1	UMAP2	st_x	st_y	spex_UMAP1	spex_UMAP2	indice	core1	core2	centering_scale_factor	adj_spex_UMAP1	adj_spex_UMAP2
0	Cell_116	spot_0	1.0	0	1.0	1.0	0	1.0	Endo	-49.91982	-15.890655	0.0	-4.0	-80.181694	45.34745	0	-80.18169403076172	45.347450256347656	0.0	0.0	-4.0
1	Cell_5	spot_1	0.6278438268890336	0	0.6278438268890336	0.8621461361147454	0	0.8621461361147454	Inhibitory	-50.36333	-15.76145	0.0	-3.0	-80.048004	45.142773	1	-80.03961181640625	45.101654052734375	6.1373260621477534	-0.051506490084552985	-2.747641610626638
2	Cell_48	spot_1	0.6278438268890336	0	0.6278438268890336	0.8621461361147454	0	0.8621461361147454	Inhibitory	-50.326138	-15.846517	0.0	-3.0	-80.042206	45.09136	1	-80.03961181640625	45.101654052734375	6.1373260621477534	-0.015920187844316376	-3.0631890985173675
3	Cell_265	spot_1	0.6278438268890336	0	0.6278438268890336	0.8621461361147454	0	0.8621461361147454	Endo	-50.199596	-15.816247	0.0	-3.0	-79.980804	45.158035	1	-80.03961181640625	45.101654052734375	0.0	0.0	-3.0
4	Cell_115	spot_1	0.6278438268890336	0	0.6278438268890336	0.8621461361147454	0	0.8621461361147454	Endo	-50.34024	-15.780381	0.0	-3.0	-80.0606	45.081837	1	-80.03961181640625	45.101654052734375	6.1373260621477534	-0.1288130492932775	-3.1216255527223877
5	Cell_117	spot_1	0.6278438268890336	0	0.6278438268890336	0.8621461361147454	0	0.8621461361147454	Astro	-50.25233	-15.916252	0.0	-3.0	-80.06646	45.03427	1	-80.03961181640625	45.101654052734375	6.1373260621477534	-0.1647739441886745	-3.4135502912970654
6	Cell_49	spot_2	0.811489616467573	0	0.811489616467573	0.9201951585961484	0	0.9201951585961484	Micro	-50.710453	-15.867081	0.0	-2.0	-79.9047	44.68501	12	-79.88462829589844	44.7080078125	11.829961165772252	-0.23746206533162534	-2.2720750269639622
7	Cell_43	spot_2	0.811489616467573	0	0.811489616467573	0.9201951585961484	0	0.9201951585961484	Endo	-50.706093	-15.861509	0.0	-2.0	-79.88478	44.725952	12	-79.88462829589844	44.7080078125	11.829961165772252	-0.001805108820460854	-1.7877192027138036
8	Cell_47	spot_2	0.811489616467573	0	0.811489616467573	0.9201951585961484	0	0.9201951585961484	Astro	-50.579483	-15.825254	0.0	-2.0	-79.8902	44.74656	12	-79.88462829589844	44.7080078125	11.829961165772252	-0.06588647194682117	-1.5439392565105652
9	Cell_44	spot_2	0.811489616467573	0	0.811489616467573	0.9201951585961484	0	0.9201951585961484	Astro	-50.617165	-15.941209	0.0	-2.0	-79.85885	44.674515	12	-79.88462829589844	44.7080078125	11.829961165772252	0.30497313521686126	-2.3962213860911574
10	Cell_45	spot_3	0.9062890969012232	0	0.9062890969012232	0.9062890986151249	0	0.9062890986151249	Micro	-51.033936	-15.917876	0.0	-1.0	-79.75327	44.560963	23	-79.72200775146484	44.48845291137695	6.332065796037554	-0.19797367578248518	-0.540863393207238
11	Cell_46	spot_3	0.9062890969012232	0	0.9062890969012232	0.9062890986151249	0	0.9062890986151249	Inhibitory	-50.939495	-15.983612	0.0	-1.0	-79.70143	44.454697	23	-79.72200775146484	44.48845291137695	6.332065796037554	0.13029160653620364	-1.2137468346753553
12	Cell_42	spot_3	0.9062890969012232	0	0.9062890969012232	0.9062890986151249	0	0.9062890986151249	Astro	-51.09097	-15.87807	0.0	-1.0	-79.71133	44.449703	23	-79.72200775146484	44.48845291137695	6.332065796037554	0.06763375941812573	-1.245365617203329
13	Cell_24	spot_4	0.699281558698975	0	0.699281558698975	0.8368213424164348	0	0.8368213424164348	ExcitatoryL4	-49.761288	-16.18525	1.0	-4.0	-80.58281	45.418766	34	-80.61983489990234	45.3900146484375	0.0	1.0	-4.0
14	Cell_67	spot_4	0.699281558698975	0	0.699281558698975	0.8368213424164348	0	0.8368213424164348	ExcitatoryL4	-49.752983	-16.275272	1.0	-4.0	-80.52264	45.377934	34	-80.61983489990234	45.3900146484375	5.1048321646521995	1.4961819593633194	-4.061672223913016
15	Cell_92	spot_4	0.699281558698975	0	0.699281558698975	0.8368213424164348	0	0.8368213424164348	ExcitatoryL4	-49.671402	-16.251438	1.0	-4.0	-80.69082	45.356087	34	-80.61983489990234	45.3900146484375	5.1048321646521995	0.637639171906097	-4.173196324433962
16	Cell_2	spot_4	0.699281558698975	0	0.699281558698975	0.8368213424164348	0	0.8368213424164348	ExcitatoryL2and3	-49.58879	-16.173985	1.0	-4.0	-80.63017	45.393845	34	-80.61983489990234	45.3900146484375	5.1048321646521995	0.9472271149970724	-3.980448717142827
17	Cell_66	spot_4	0.699281558698975	0	0.699281558698975	0.8368213424164348	0	0.8368213424164348	ExcitatoryL2and3	-49.71882	-16.29453	1.0	-4.0	-80.607216	45.455826	34	-80.61983489990234	45.3900146484375	0.0	1.0	-4.0
18	Cell_28	spot_4	0.699281558698975	0	0.699281558698975	0.8368213424164348	0	0.8368213424164348	ExcitatoryL2and3	-49.72576	-16.298208	1.0	-4.0	-80.685326	45.337646	34	-80.61983489990234	45.3900146484375	5.1048321646521995	0.6656808524980584	-4.267330688310033
19	Cell_109	spot_5	0.6399200243039617	0	0.6399200243039617	0.858022108029443	0	0.858022108029443	Inhibitory	-50.100163	-16.306015	1.0	-3.0	-80.566795	45.070126	45	-80.47671508789062	44.99077224731445	3.8837423016806065	0.650151478912789	-2.691812105714569
20	Cell_23	spot_5	0.6399200243039617	0	0.6399200243039617	0.858022108029443	0	0.858022108029443	Inhibitory	-50.193047	-16.174335	1.0	-3.0	-80.525444	45.109936	45	-80.47671508789062	44.99077224731445	3.8837423016806065	0.8107493432553556	-2.537199623032002
21	Cell_106	spot_5	0.6399200243039617	0	0.6399200243039617	0.858022108029443	0	0.858022108029443	Inhibitory	-50.18174	-16.229225	1.0	-3.0	-80.43498	44.95317	45	-80.47671508789062	44.99077224731445	3.8837423016806065	1.1620793944564278	-3.14603442332331
22	Cell_112	spot_5	0.6399200243039617	0	0.6399200243039617	0.858022108029443	0	0.858022108029443	ExcitatoryL2and3	-50.046402	-16.330475	1.0	-3.0	-80.47275	44.913364	45	-80.47671508789062	44.99077224731445	3.8837423016806065	1.0154079131841576	-3.300632090704738
23	Cell_37	spot_5	0.6399200243039617	0	0.6399200243039617	0.858022108029443	0	0.858022108029443	Endo	-50.039436	-16.118261	1.0	-3.0	-80.3752	44.953175	45	-80.47671508789062	44.99077224731445	3.8837423016806065	1.3942647939007733	-3.146019608022171
24	Cell_22	spot_5	0.6399200243039617	0	0.6399200243039617	0.858022108029443	0	0.858022108029443	Endo	-50.07662	-16.14417	1.0	-3.0	-80.48021	44.91493	45	-80.47671508789062	44.99077224731445	3.8837423016806065	0.9864291841570304	-3.294557817237907
25	Cell_34	spot_5	0.6399200243039617	0	0.6399200243039617	0.858022108029443	0	0.858022108029443	Endo	-50.01807	-16.233692	1.0	-3.0	-80.43994	45.03755	45	-80.47671508789062	44.99077224731445	0.0	1.0	-3.0
26	Cell_41	spot_5	0.6399200243039617	0	0.6399200243039617	0.858022108029443	0	0.858022108029443	Astro	-50.193993	-16.38622	1.0	-3.0	-80.51837	44.973927	45	-80.47671508789062	44.99077224731445	3.8837423016806065	0.8382169115663444	-3.065424369828116
27	Cell_104	spot_6	0.7467193067813881	0	0.7467193067813881	0.9325199594962228	0	0.9325199594962228	OPC	-51.02887	-16.040619	1.0	-2.0	-79.82245	44.38709	56	-80.04692077636719	44.49222183227539	2.0171680083858883	1.4527978297632569	-2.2120710384792903
28	Cell_381	spot_6	0.7467193067813881	0	0.7467193067813881	0.9325199594962228	0	0.9325199594962228	Inhibitory	-50.90479	-16.20644	1.0	-2.0	-80.122696	44.54337	56	-80.04692077636719	44.49222183227539	2.0171680083858883	0.8471487986809644	-1.8968269780867082
29	Cell_113	spot_6	0.7467193067813881	0	0.7467193067813881	0.9325199594962228	0	0.9325199594962228	Inhibitory	-50.95943	-16.127073	1.0	-2.0	-79.99403	44.58553	56	-80.04692077636719	44.49222183227539	0.0	1.0	-2.0
30	Cell_27	spot_6	0.7467193067813881	0	0.7467193067813881	0.9325199594962228	0	0.9325199594962228	ExcitatoryL4	-50.80558	-16.18729	1.0	-2.0	-80.15501	44.47153	56	-80.04692077636719	44.49222183227539	2.0171680083858883	0.7819731203094262	-2.0417370577906993
31	Cell_26	spot_6	0.7467193067813881	0	0.7467193067813881	0.9325199594962228	0	0.9325199594962228	ExcitatoryL4	-50.564426	-16.256205	1.0	-2.0	-80.038666	44.397945	56	-80.04692077636719	44.49222183227539	2.0171680083858883	1.0166517317586787	-2.1901713949556307
32	Cell_31	spot_6	0.7467193067813881	0	0.7467193067813881	0.9325199594962228	0	0.9325199594962228	ExcitatoryL2and3	-50.795868	-16.094019	1.0	-2.0	-79.93773	44.476734	56	-80.04692077636719	44.49222183227539	2.0171680083858883	1.2202583964234834	-2.031241234260737
33	Cell_114	spot_6	0.7467193067813881	0	0.7467193067813881	0.9325199594962228	0	0.9325199594962228	ExcitatoryL2and3	-50.685658	-16.243624	1.0	-2.0	-80.17907	44.518757	56	-80.04692077636719	44.49222183227539	2.0171680083858883	0.7334337839259951	-1.9464743779513083
34	Cell_36	spot_6	0.7467193067813881	0	0.7467193067813881	0.9325199594962228	0	0.9325199594962228	Astro	-50.72211	-16.062782	1.0	-2.0	-80.12575	44.556812	56	-80.04692077636719	44.49222183227539	2.0171680083858883	0.8409928904522477	-1.8697102023392111
35	Cell_110	spot_7	0.8981379415499221	0	0.8981379415499221	0.9546123363535088	0	0.9546123363535088	ExcitatoryL4	-51.113583	-16.360445	1.0	-1.0	-80.05531	44.10856	67	-80.1468505859375	44.153038024902344	4.0915489358874355	1.3745300608274647	-1.1819895194719219
36	Cell_40	spot_7	0.8981379415499221	0	0.8981379415499221	0.9546123363535088	0	0.9546123363535088	ExcitatoryL2and3	-51.016293	-16.382114	1.0	-1.0	-80.18932	44.205456	67	-80.1468505859375	44.153038024902344	4.0915489358874355	0.8262202993310138	-0.7855301897887068
37	Cell_30	spot_7	0.8981379415499221	0	0.8981379415499221	0.9546123363535088	0	0.9546123363535088	ExcitatoryL2and3	-51.131725	-16.411201	1.0	-1.0	-80.16023	44.224518	67	-80.1468505859375	44.153038024902344	4.0915489358874355	0.9452470639530444	-0.7075369111608171
38	Cell_108	spot_7	0.8981379415499221	0	0.8981379415499221	0.9546123363535088	0	0.9546123363535088	ExcitatoryL2and3	-51.151455	-16.358316	1.0	-1.0	-80.23426	44.06764	67	-80.1468505859375	44.153038024902344	4.0915489358874355	0.6423578173945439	-1.3494167557819825
39	Cell_32	spot_7	0.8981379415499221	0	0.8981379415499221	0.9546123363535088	0	0.9546123363535088	ExcitatoryL2and3	-51.029503	-16.368095	1.0	-1.0	-80.06701	44.20439	67	-80.1468505859375	44.153038024902344	0.0	1.0	-1.0
40	Cell_111	spot_7	0.8981379415499221	0	0.8981379415499221	0.9546123363535088	0	0.9546123363535088	ExcitatoryL2and3	-51.042236	-16.416773	1.0	-1.0	-80.16363	44.1422	67	-80.1468505859375	44.153038024902344	4.0915489358874355	0.9313559256743128	-1.0443423863481758
41	Cell_107	spot_7	0.8981379415499221	0	0.8981379415499221	0.9546123363535088	0	0.9546123363535088	ExcitatoryL2and3	-51.02148	-16.390919	1.0	-1.0	-80.230774	44.15637	67	-80.1468505859375	44.153038024902344	4.0915489358874355	0.6566235481661851	-0.9863741980704127
42	Cell_39	spot_7	0.8981379415499221	0	0.8981379415499221	0.9546123363535088	0	0.9546123363535088	Astro	-50.955986	-16.498884	1.0	-1.0	-80.07425	44.11519	67	-80.1468505859375	44.153038024902344	4.0915489358874355	1.2970518468773258	-1.1548627797770505
43	Cell_166	spot_8	0.829050716184376	0	0.829050716184376	0.9492120843477148	0	0.9492120843477148	Micro	-49.423294	-16.71198	2.0	-4.0	-81.16116	45.396317	69	-81.2308578491211	45.27383804321289	0.0	2.0	-4.0
44	Cell_198	spot_8	0.829050716184376	0	0.829050716184376	0.9492120843477148	0	0.9492120843477148	Inhibitory	-49.34878	-16.755812	2.0	-4.0	-81.17635	45.302937	69	-81.2308578491211	45.27383804321289	0.0	2.0	-4.0
45	Cell_7	spot_8	0.829050716184376	0	0.829050716184376	0.9492120843477148	0	0.9492120843477148	Inhibitory	-49.55602	-16.830061	2.0	-4.0	-81.153435	45.161156	69	-81.2308578491211	45.27383804321289	3.1108058698995165	2.2408482205790734	-4.350532892574165
46	Cell_81	spot_8	0.829050716184376	0	0.829050716184376	0.9492120843477148	0	0.9492120843477148	ExcitatoryL4	-49.58276	-16.795305	2.0	-4.0	-81.330185	45.400204	69	-81.2308578491211	45.27383804321289	3.1108058698995165	1.6910127134687667	-3.6069009580753657
47	Cell_187	spot_8	0.829050716184376	0	0.829050716184376	0.9492120843477148	0	0.9492120843477148	ExcitatoryL2and3	-49.321453	-16.86276	2.0	-4.0	-81.379715	45.230286	69	-81.2308578491211	45.27383804321289	3.1108058698995165	1.536934407595753	-4.135483057467051
48	Cell_96	spot_8	0.829050716184376	0	0.829050716184376	0.9492120843477148	0	0.9492120843477148	ExcitatoryL2and3	-49.64295	-16.823303	2.0	-4.0	-81.234245	45.28363	69	-81.2308578491211	45.27383804321289	3.1108058698995165	1.9894622970105333	-3.969537968948242
49	Cell_79	spot_8	0.829050716184376	0	0.829050716184376	0.9492120843477148	0	0.9492120843477148	ExcitatoryL2and3	-49.692802	-16.802185	2.0	-4.0	-81.22674	45.145344	69	-81.2308578491211	45.27383804321289	3.1108058698995165	2.0128161252574595	-4.399720706640989
50	Cell_78	spot_8	0.829050716184376	0	0.829050716184376	0.9492120843477148	0	0.9492120843477148	ExcitatoryL2and3	-49.522247	-16.908464	2.0	-4.0	-81.29906	45.266632	69	-81.2308578491211	45.27383804321289	3.1108058698995165	1.7878456598584611	-4.022416352417909
51	Cell_10	spot_8	0.829050716184376	0	0.829050716184376	0.9492120843477148	0	0.9492120843477148	ExcitatoryL2and3	-49.416145	-16.9116	2.0	-4.0	-81.11679	45.278038	69	-81.2308578491211	45.27383804321289	0.0	2.0	-4.0
52	Cell_59	spot_9	0.8051879281410086	0	0.8051879281410086	0.9597423428816864	0	0.9597423428816864	Inhibitory	-49.687515	-16.539085	2.0	-3.0	-81.01657	45.32186	70	-80.98265838623047	45.16509246826172	1.6348606793420037	1.9445575277734741	-2.7437048550482217
53	Cell_85	spot_9	0.8051879281410086	0	0.8051879281410086	0.9597423428816864	0	0.9597423428816864	Inhibitory	-49.659363	-16.659506	2.0	-3.0	-81.00637	45.192688	70	-80.98265838623047	45.16509246826172	1.6348606793420037	1.961233924931374	-2.9548851693940734
54	Cell_80	spot_9	0.8051879281410086	0	0.8051879281410086	0.9597423428816864	0	0.9597423428816864	ExcitatoryL4	-49.524452	-16.653128	2.0	-3.0	-80.82382	45.227913	70	-80.98265838623047	45.16509246826172	0.0	2.0	-3.0
55	Cell_84	spot_9	0.8051879281410086	0	0.8051879281410086	0.9597423428816864	0	0.9597423428816864	ExcitatoryL2and3	-49.736683	-16.688627	2.0	-3.0	-80.90588	45.13066	70	-80.98265838623047	45.16509246826172	1.6348606793420037	2.125515770082234	-3.0562906360311164
56	Cell_14	spot_9	0.8051879281410086	0	0.8051879281410086	0.9597423428816864	0	0.9597423428816864	ExcitatoryL2and3	-49.50391	-16.595423	2.0	-3.0	-80.983696	45.28023	70	-80.98265838623047	45.16509246826172	1.6348606793420037	1.9983036723908194	-2.811763763868028
57	Cell_102	spot_9	0.8051879281410086	0	0.8051879281410086	0.9597423428816864	0	0.9597423428816864	ExcitatoryL2and3	-49.886673	-16.719078	2.0	-3.0	-81.04928	44.8666	70	-80.98265838623047	45.16509246826172	1.6348606793420037	1.8910857890929078	-3.487993539570439
58	Cell_100	spot_9	0.8051879281410086	0	0.8051879281410086	0.9597423428816864	0	0.9597423428816864	ExcitatoryL2and3	-49.843372	-16.695467	2.0	-3.0	-81.06468	45.226868	70	-80.98265838623047	45.16509246826172	1.6348606793420037	1.8659028078948525	-2.8990061422681257
59	Cell_98	spot_9	0.8051879281410086	0	0.8051879281410086	0.9597423428816864	0	0.9597423428816864	ExcitatoryL2and3	-49.559578	-16.606354	2.0	-3.0	-81.010956	45.073902	70	-80.98265838623047	45.16509246826172	1.6348606793420037	1.9537376536584512	-3.14908349815243
60	Cell_65	spot_10	0.8413148915870623	0	0.8413148915870623	0.9609852526629036	0	0.9609852526629036	Micro	-51.175068	-16.648148	2.0	-2.0	-80.35554	44.014515	2	-80.46906280517578	44.06490707397461	1.398052261302557	2.1587144290785374	-2.0704508604881546
61	Cell_91	spot_10	0.8413148915870623	0	0.8413148915870623	0.9609852526629036	0	0.9609852526629036	ExcitatoryL4	-51.017178	-16.706713	2.0	-2.0	-80.422035	43.995464	2	-80.46906280517578	44.06490707397461	1.398052261302557	2.065747025594093	-2.0970845923032826
62	Cell_4	spot_10	0.8413148915870623	0	0.8413148915870623	0.9609852526629036	0	0.9609852526629036	ExcitatoryL4	-50.869667	-16.75395	2.0	-2.0	-80.43594	44.049515	2	-80.46906280517578	44.06490707397461	1.398052261302557	2.046302374773517	-2.0215192446684105
63	Cell_11	spot_10	0.8413148915870623	0	0.8413148915870623	0.9609852526629036	0	0.9609852526629036	ExcitatoryL2and3	-50.966343	-16.847734	2.0	-2.0	-80.34509	44.076656	2	-80.46906280517578	44.06490707397461	0.0	2.0	-2.0
64	Cell_8	spot_10	0.8413148915870623	0	0.8413148915870623	0.9609852526629036	0	0.9609852526629036	ExcitatoryL2and3	-50.786617	-16.671286	2.0	-2.0	-80.51723	43.93625	2	-80.46906280517578	44.06490707397461	1.398052261302557	1.9326636968566662	-2.1798710198095375
65	Cell_62	spot_10	0.8413148915870623	0	0.8413148915870623	0.9609852526629036	0	0.9609852526629036	ExcitatoryL2and3	-50.79501	-16.85656	2.0	-2.0	-80.36	43.859848	2	-80.46906280517578	44.06490707397461	1.398052261302557	2.1524746480966193	-2.2866832706692466
66	Cell_6	spot_10	0.8413148915870623	0	0.8413148915870623	0.9609852526629036	0	0.9609852526629036	ExcitatoryL2and3	-50.733173	-16.802578	2.0	-2.0	-80.73396	44.305187	2	-80.46906280517578	44.06490707397461	1.398052261302557	1.6296556658578027	-1.6640757910349828
67	Cell_103	spot_10	0.8413148915870623	0	0.8413148915870623	0.9609852526629036	0	0.9609852526629036	ExcitatoryL2and3	-50.829254	-16.6724	2.0	-2.0	-80.4375	44.162025	2	-80.46906280517578	44.06490707397461	0.0	2.0	-2.0
68	Cell_101	spot_10	0.8413148915870623	0	0.8413148915870623	0.9609852526629036	0	0.9609852526629036	ExcitatoryL2and3	-50.82199	-16.749361	2.0	-2.0	-80.61425	44.184715	2	-80.46906280517578	44.06490707397461	1.398052261302557	1.7970204579728115	-1.8325018792315315
69	Cell_21	spot_11	0.8954755573422936	0	0.8954755573422936	0.9503738158134136	0	0.9503738158134136	Inhibitory	-51.00587	-16.952606	2.0	-1.0	-80.59865	43.798897	3	-80.58238983154297	43.857242584228516	2.640885907886887	1.9570638437674945	-1.1540845869488905
70	Cell_217	spot_11	0.8954755573422936	0	0.8954755573422936	0.9503738158134136	0	0.9503738158134136	ExcitatoryL4	-51.17786	-16.844687	2.0	-1.0	-80.6886	44.013977	3	-80.58238983154297	43.857242584228516	2.640885907886887	1.719514673433736	-0.5860821560007152
71	Cell_82	spot_11	0.8954755573422936	0	0.8954755573422936	0.9503738158134136	0	0.9503738158134136	ExcitatoryL4	-51.142376	-17.020199	2.0	-1.0	-80.58981	43.841137	3	-80.58238983154297	43.857242584228516	2.640885907886887	1.9803956452303013	-1.0425331890224396
72	Cell_90	spot_11	0.8954755573422936	0	0.8954755573422936	0.9503738158134136	0	0.9503738158134136	ExcitatoryL2and3	-51.053642	-16.91585	2.0	-1.0	-80.52757	43.78966	3	-80.58238983154297	43.857242584228516	2.640885907886887	2.14476597021612	-1.1784741773381198
73	Cell_95	spot_11	0.8954755573422936	0	0.8954755573422936	0.9503738158134136	0	0.9503738158134136	ExcitatoryL2and3	-51.105774	-16.926304	2.0	-1.0	-80.5345	43.832283	3	-80.58238983154297	43.857242584228516	2.640885907886887	2.126471258879135	-1.0659153613865047
74	Cell_97	spot_11	0.8954755573422936	0	0.8954755573422936	0.9503738158134136	0	0.9503738158134136	ExcitatoryL2and3	-51.090565	-16.873861	2.0	-1.0	-80.64393	43.857204	3	-80.58238983154297	43.857242584228516	2.640885907886887	1.8374833241804838	-1.0001007418025165
75	Cell_252	spot_11	0.8954755573422936	0	0.8954755573422936	0.9503738158134136	0	0.9503738158134136	Endo	-51.00468	-16.945326	2.0	-1.0	-80.47541	43.900127	3	-80.58238983154297	43.857242584228516	0.0	2.0	-1.0
76	Cell_16	spot_11	0.8954755573422936	0	0.8954755573422936	0.9503738158134136	0	0.9503738158134136	Astro	-51.075825	-16.894917	2.0	-1.0	-80.60063	43.824646	3	-80.58238983154297	43.857242584228516	2.640885907886887	1.9518252700366399	-1.0860838702502955
77	Cell_289	spot_12	0.8543831670488836	0	0.8543831670488836	0.938415561503626	0	0.938415561503626	Micro	-49.210484	-17.385426	3.0	-4.0	-81.721535	45.177544	4	-81.85114288330078	45.03199768066406	0.0	3.0	-4.0
78	Cell_119	spot_12	0.8543831670488836	0	0.8543831670488836	0.938415561503626	0	0.938415561503626	ExcitatoryL5and6	-49.4284	-17.557762	3.0	-4.0	-81.84529	44.89203	4	-81.85114288330078	45.03199768066406	1.9295860226429118	3.0112914465283747	-4.270081979151969
79	Cell_129	spot_12	0.8543831670488836	0	0.8543831670488836	0.938415561503626	0	0.938415561503626	ExcitatoryL4	-49.5269	-17.361284	3.0	-4.0	-81.615814	45.140465	4	-81.85114288330078	45.03199768066406	0.0	3.0	-4.0
80	Cell_74	spot_12	0.8543831670488836	0	0.8543831670488836	0.938415561503626	0	0.938415561503626	ExcitatoryL4	-49.207634	-17.572205	3.0	-4.0	-81.8123	45.05253	4	-81.85114288330078	45.03199768066406	0.0	3.0	-4.0
81	Cell_120	spot_12	0.8543831670488836	0	0.8543831670488836	0.938415561503626	0	0.938415561503626	ExcitatoryL4	-49.325676	-17.36214	3.0	-4.0	-81.95868	44.97501	4	-81.85114288330078	45.03199768066406	1.9295860226429118	2.792499427878175	-4.109962789887476
82	Cell_71	spot_12	0.8543831670488836	0	0.8543831670488836	0.938415561503626	0	0.938415561503626	ExcitatoryL2and3	-49.33156	-17.427263	3.0	-4.0	-81.960014	44.90728	4	-81.85114288330078	45.03199768066406	1.9295860226429118	2.7899231525946475	-4.240653554627561
83	Cell_64	spot_12	0.8543831670488836	0	0.8543831670488836	0.938415561503626	0	0.938415561503626	ExcitatoryL2and3	-49.43444	-17.352718	3.0	-4.0	-81.973465	45.096222	4	-81.85114288330078	45.03199768066406	1.9295860226429118	2.7639690193097395	-3.8760737980758053
84	Cell_73	spot_12	0.8543831670488836	0	0.8543831670488836	0.938415561503626	0	0.938415561503626	ExcitatoryL2and3	-49.36557	-17.489328	3.0	-4.0	-81.922066	45.01489	4	-81.85114288330078	45.03199768066406	1.9295860226429118	2.863148256939022	-4.033013127561773
85	Cell_52	spot_13	0.9003709393175203	0	0.9003709393175203	0.964717872432877	0	0.964717872432877	Inhibitory	-49.539265	-17.356382	3.0	-3.0	-81.5142	44.836052	5	-81.70834350585938	45.02055740356445	1.8668335050612876	3.3624367691291397	-3.3444409795352907
86	Cell_225	spot_13	0.9003709393175203	0	0.9003709393175203	0.964717872432877	0	0.964717872432877	ExcitatoryL4	-49.594067	-17.246136	3.0	-3.0	-81.684166	45.15872	5	-81.70834350585938	45.02055740356445	0.0	3.0	-3.0
87	Cell_75	spot_13	0.9003709393175203	0	0.9003709393175203	0.964717872432877	0	0.964717872432877	ExcitatoryL4	-49.328842	-17.225698	3.0	-3.0	-81.67666	45.150803	5	-81.70834350585938	45.02055740356445	0.0	3.0	-3.0
88	Cell_118	spot_13	0.9003709393175203	0	0.9003709393175203	0.964717872432877	0	0.964717872432877	ExcitatoryL2and3	-49.45676	-17.271688	3.0	-3.0	-81.62904	44.951088	5	-81.70834350585938	45.02055740356445	1.8668335050612876	3.1480397602203904	-3.129687900393185
89	Cell_68	spot_13	0.9003709393175203	0	0.9003709393175203	0.964717872432877	0	0.964717872432877	ExcitatoryL2and3	-49.58546	-17.146622	3.0	-3.0	-81.75167	44.870113	5	-81.70834350585938	45.02055740356445	1.8668335050612876	2.919115085790687	-3.2808539572624476
90	Cell_223	spot_13	0.9003709393175203	0	0.9003709393175203	0.964717872432877	0	0.964717872432877	ExcitatoryL2and3	-49.464294	-17.57308	3.0	-3.0	-81.79581	45.039726	5	-81.70834350585938	45.02055740356445	1.8668335050612876	2.8367204337919416	-2.9642149415476493
91	Cell_56	spot_13	0.9003709393175203	0	0.9003709393175203	0.964717872432877	0	0.964717872432877	ExcitatoryL2and3	-49.292374	-17.441412	3.0	-3.0	-81.86537	45.105328	5	-81.70834350585938	45.02055740356445	1.8668335050612876	2.7068544982820786	-2.841748145486939
92	Cell_63	spot_13	0.9003709393175203	0	0.9003709393175203	0.964717872432877	0	0.964717872432877	ExcitatoryL2and3	-49.76464	-17.446388	3.0	-3.0	-81.70946	44.8511	5	-81.70834350585938	45.02055740356445	1.8668335050612876	2.997920549837197	-3.3163470381234457
93	Cell_0	spot_13	0.9003709393175203	0	0.9003709393175203	0.964717872432877	0	0.964717872432877	ExcitatoryL2and3	-49.32337	-17.282684	3.0	-3.0	-81.74872	45.2221	5	-81.70834350585938	45.02055740356445	1.8668335050612876	2.924627053003049	-2.623754827221287
94	Cell_293	spot_14	0.8805488678519641	0	0.8805488678519641	0.9572086215801938	0	0.9572086215801938	Inhibitory	-51.244385	-17.244446	3.0	-2.0	-80.94721	43.47816	6	-81.0037612915039	43.670814514160156	2.4902687167272664	3.1408223856230353	-2.4797593727145277
95	Cell_372	spot_14	0.8805488678519641	0	0.8805488678519641	0.9572086215801938	0	0.9572086215801938	Inhibitory	-51.2144	-17.324972	3.0	-2.0	-80.90938	43.621315	6	-81.0037612915039	43.670814514160156	2.4902687167272664	3.235039629323067	-2.1232670855264777
96	Cell_224	spot_14	0.8805488678519641	0	0.8805488678519641	0.9572086215801938	0	0.9572086215801938	ExcitatoryL2and3	-50.841187	-17.468628	3.0	-2.0	-81.12967	43.76065	6	-81.0037612915039	43.670814514160156	2.4902687167272664	2.6864555005481714	-1.7762839192240634
97	Cell_60	spot_14	0.8805488678519641	0	0.8805488678519641	0.9572086215801938	0	0.9572086215801938	ExcitatoryL2and3	-50.794186	-17.242155	3.0	-2.0	-81.101814	43.53835	6	-81.0037612915039	43.670814514160156	2.4902687167272664	2.7558217350206085	-2.329874348405282
98	Cell_58	spot_14	0.8805488678519641	0	0.8805488678519641	0.9572086215801938	0	0.9572086215801938	ExcitatoryL2and3	-50.9259	-17.39909	3.0	-2.0	-81.13823	43.74562	6	-81.0037612915039	43.670814514160156	2.4902687167272664	2.665138350430923	-1.813712427005685
99	Cell_54	spot_14	0.8805488678519641	0	0.8805488678519641	0.9572086215801938	0	0.9572086215801938	ExcitatoryL2and3	-51.12256	-17.176973	3.0	-2.0	-80.92263	43.722458	6	-81.0037612915039	43.670814514160156	0.0	3.0	-2.0
100	Cell_57	spot_14	0.8805488678519641	0	0.8805488678519641	0.9572086215801938	0	0.9572086215801938	ExcitatoryL2and3	-50.933105	-17.22485	3.0	-2.0	-80.886986	43.827225	6	-81.0037612915039	43.670814514160156	0.0	3.0	-2.0
101	Cell_189	spot_14	0.8805488678519641	0	0.8805488678519641	0.9572086215801938	0	0.9572086215801938	Astro	-50.8476	-17.452717	3.0	-2.0	-80.99415	43.67272	6	-81.0037612915039	43.670814514160156	0.0	3.0	-2.0
102	Cell_53	spot_15	0.9901409027613212	0	0.9901409027613212	0.9879961590533908	0	0.9879961590533908	OPC	-51.154213	-17.38142	3.0	-1.0	-81.166466	43.417633	7	-81.06783294677734	43.506324768066406	3.433742783138222	2.6613202918974994	-1.3045445240324542
103	Cell_76	spot_15	0.9901409027613212	0	0.9901409027613212	0.9879961590533908	0	0.9879961590533908	ExcitatoryL4	-51.114594	-17.519913	3.0	-1.0	-81.04144	43.503647	7	-81.06783294677734	43.506324768066406	3.433742783138222	3.0906167319250115	-1.0091952798223993
104	Cell_70	spot_15	0.9901409027613212	0	0.9901409027613212	0.9879961590533908	0	0.9879961590533908	ExcitatoryL4	-51.002537	-17.60795	3.0	-1.0	-81.090614	43.472145	7	-81.06783294677734	43.506324768066406	3.433742783138222	2.9217746280635777	-1.1173642552830447
105	Cell_69	spot_15	0.9901409027613212	0	0.9901409027613212	0.9879961590533908	0	0.9879961590533908	ExcitatoryL4	-51.10729	-17.48883	3.0	-1.0	-81.03579	43.50208	7	-81.06783294677734	43.506324768066406	3.433742783138222	3.1100289893278545	-1.0145788410859407
106	Cell_72	spot_15	0.9901409027613212	0	0.9901409027613212	0.9879961590533908	0	0.9879961590533908	ExcitatoryL2and3	-51.067707	-17.527603	3.0	-1.0	-80.968475	43.612774	7	-81.06783294677734	43.506324768066406	0.0	3.0	-1.0
107	Cell_55	spot_15	0.9901409027613212	0	0.9901409027613212	0.9879961590533908	0	0.9879961590533908	ExcitatoryL2and3	-51.082912	-17.44275	3.0	-1.0	-81.12896	43.452065	7	-81.06783294677734	43.506324768066406	3.433742783138222	2.790106604167912	-1.1863157552618335
108	Cell_207	spot_15	0.9901409027613212	0	0.9901409027613212	0.9879961590533908	0	0.9879961590533908	ExcitatoryL2and3	-51.059498	-17.417982	3.0	-1.0	-81.04312	43.583927	7	-81.06783294677734	43.506324768066406	0.0	3.0	-1.0
109	Cell_219	spot_16	0.8178077802252045	0	0.8178077802252045	0.946957585398825	0	0.946957585398825	Inhibitory	-49.272945	-18.35111	4.0	-4.0	-82.423515	44.74673	8	-82.54564666748047	44.69557571411133	0.0	4.0	-4.0
110	Cell_173	spot_16	0.8178077802252045	0	0.8178077802252045	0.946957585398825	0	0.946957585398825	ExcitatoryL4	-49.44862	-18.101425	4.0	-4.0	-82.61297	44.710926	8	-82.54564666748047	44.69557571411133	2.478205239889695	3.8331628186280313	-3.9619587025248864
111	Cell_222	spot_16	0.8178077802252045	0	0.8178077802252045	0.946957585398825	0	0.946957585398825	ExcitatoryL4	-49.26598	-18.057432	4.0	-4.0	-82.51892	44.694668	8	-82.54564666748047	44.69557571411133	2.478205239889695	4.066231940882367	-4.002249957455039
112	Cell_199	spot_16	0.8178077802252045	0	0.8178077802252045	0.946957585398825	0	0.946957585398825	ExcitatoryL4	-49.189186	-18.177895	4.0	-4.0	-82.4651	44.72058	8	-82.54564666748047	44.69557571411133	0.0	4.0	-4.0
113	Cell_195	spot_16	0.8178077802252045	0	0.8178077802252045	0.946957585398825	0	0.946957585398825	Astro	-49.3374	-18.25068	4.0	-4.0	-82.50134	44.847588	8	-82.54564666748047	44.69557571411133	0.0	4.0	-4.0
114	Cell_201	spot_16	0.8178077802252045	0	0.8178077802252045	0.946957585398825	0	0.946957585398825	Astro	-49.37522	-18.390217	4.0	-4.0	-82.6405	44.517506	8	-82.54564666748047	44.69557571411133	2.478205239889695	3.7649267139621845	-4.4412941764757194
115	Cell_211	spot_16	0.8178077802252045	0	0.8178077802252045	0.946957585398825	0	0.946957585398825	Astro	-49.38424	-18.096203	4.0	-4.0	-82.65717	44.631027	8	-82.54564666748047	44.69557571411133	2.478205239889695	3.723614469934787	-4.159964412171072
116	Cell_221	spot_17	0.8491733182394847	0	0.8491733182394847	0.9595591325352252	0	0.9595591325352252	ExcitatoryL4	-49.371296	-18.334133	4.0	-3.0	-82.43207	44.790493	9	-82.46428680419922	44.55347442626953	0.0	4.0	-3.0
117	Cell_200	spot_17	0.8491733182394847	0	0.8491733182394847	0.9595591325352252	0	0.9595591325352252	ExcitatoryL2and3	-49.727547	-18.039433	4.0	-3.0	-82.23587	44.422256	9	-82.46428680419922	44.55347442626953	1.8980803911741975	4.433552771235385	-3.249062230284157
118	Cell_208	spot_17	0.8491733182394847	0	0.8491733182394847	0.9595591325352252	0	0.9595591325352252	ExcitatoryL2and3	-49.572178	-18.16893	4.0	-3.0	-82.57634	44.42558	9	-82.46428680419922	44.55347442626953	1.8980803911741975	3.787314554556462	-3.2427556658740895
119	Cell_191	spot_17	0.8491733182394847	0	0.8491733182394847	0.9595591325352252	0	0.9595591325352252	ExcitatoryL2and3	-49.637375	-18.005909	4.0	-3.0	-82.23521	44.474895	9	-82.46428680419922	44.55347442626953	1.8980803911741975	4.434812635996982	-3.149149162207784
120	Cell_252	spot_17	0.8491733182394847	0	0.8491733182394847	0.9595591325352252	0	0.9595591325352252	Endo	-49.247417	-18.110926	4.0	-3.0	-82.68579	44.55688	9	-82.46428680419922	44.55347442626953	1.8980803911741975	3.5795671997302208	-2.9935341423442132
121	Cell_203	spot_17	0.8491733182394847	0	0.8491733182394847	0.9595591325352252	0	0.9595591325352252	Endo	-49.283623	-18.43064	4.0	-3.0	-82.629295	44.54829	9	-82.46428680419922	44.55347442626953	1.8980803911741975	3.6868005165076023	-3.009839978224204
122	Cell_193	spot_17	0.8491733182394847	0	0.8491733182394847	0.9595591325352252	0	0.9595591325352252	Astro	-49.41289	-18.144514	4.0	-3.0	-82.45543	44.65592	9	-82.46428680419922	44.55347442626953	0.0	4.0	-3.0
123	Cell_196	spot_18	0.9466975504944782	0	0.9466975504944782	0.9586133702465608	0	0.9586133702465608	ExcitatoryL4	-50.79968	-18.43765	4.0	-2.0	-81.95461	43.055264	10	-81.88333892822266	43.14117431640625	2.229180327108042	3.841117838929418	-2.1915106588241584
124	Cell_216	spot_18	0.9466975504944782	0	0.9466975504944782	0.9586133702465608	0	0.9586133702465608	ExcitatoryL2and3	-50.97459	-18.447744	4.0	-2.0	-81.71845	43.178074	10	-81.88333892822266	43.14117431640625	0.0	4.0	-2.0
125	Cell_202	spot_18	0.9466975504944782	0	0.9466975504944782	0.9586133702465608	0	0.9586133702465608	ExcitatoryL2and3	-51.081085	-18.358444	4.0	-2.0	-81.82438	43.205006	10	-81.88333892822266	43.14117431640625	0.0	4.0	-2.0
126	Cell_204	spot_18	0.9466975504944782	0	0.9466975504944782	0.9586133702465608	0	0.9586133702465608	ExcitatoryL2and3	-51.178265	-18.55545	4.0	-2.0	-82.07563	43.025703	10	-81.88333892822266	43.14117431640625	2.229180327108042	3.5713481066556465	-2.257405427938692
127	Cell_218	spot_18	0.9466975504944782	0	0.9466975504944782	0.9586133702465608	0	0.9586133702465608	ExcitatoryL2and3	-50.912838	-18.107376	4.0	-2.0	-81.81346	43.272236	10	-81.88333892822266	43.14117431640625	0.0	4.0	-2.0
128	Cell_220	spot_18	0.9466975504944782	0	0.9466975504944782	0.9586133702465608	0	0.9586133702465608	Endo	-51.12068	-18.629301	4.0	-2.0	-81.76028	43.02021	10	-81.88333892822266	43.14117431640625	2.229180327108042	4.274327687654516	-2.269650681200394
129	Cell_240	spot_18	0.9466975504944782	0	0.9466975504944782	0.9586133702465608	0	0.9586133702465608	Astro	-50.978733	-18.242262	4.0	-2.0	-82.03655	43.23174	10	-81.88333892822266	43.14117431640625	2.229180327108042	3.6584594777756982	-1.7981148904957884
130	Cell_194	spot_19	0.9921559839789348	0	0.9921559839789348	0.9434816488043818	0	0.9434816488043818	ExcitatoryL4	-51.076965	-18.494604	4.0	-1.0	-82.06988	42.916912	11	-81.95701599121094	42.98908233642578	2.5850243862023548	3.7082499256508528	-1.186561875772714
131	Cell_209	spot_19	0.9921559839789348	0	0.9921559839789348	0.9434816488043818	0	0.9434816488043818	ExcitatoryL4	-51.142284	-18.41088	4.0	-1.0	-81.81663	43.122135	11	-81.95701599121094	42.98908233642578	0.0	4.0	-1.0
132	Cell_190	spot_19	0.9921559839789348	0	0.9921559839789348	0.9434816488043818	0	0.9434816488043818	ExcitatoryL2and3	-51.033493	-18.59574	4.0	-1.0	-81.855	43.016132	11	-81.95701599121094	42.98908233642578	0.0	4.0	-1.0
133	Cell_384	spot_19	0.9921559839789348	0	0.9921559839789348	0.9434816488043818	0	0.9434816488043818	Endo	-50.938343	-18.667862	4.0	-1.0	-82.08656	42.901154	11	-81.95701599121094	42.98908233642578	2.5850243862023548	3.6651175378592225	-1.2272980197981425
134	Cell_176	spot_20	0.868096795305549	0	0.868096795305549	0.9770246062492132	0	0.9770246062492132	Inhibitory	-49.231686	-19.207197	5.0	-4.0	-83.64427	44.244423	13	-83.53794860839844	44.10821533203125	2.0983698930462564	4.776894509662684	-3.714186113734781
135	Cell_156	spot_20	0.868096795305549	0	0.868096795305549	0.9770246062492132	0	0.9770246062492132	ExcitatoryL4	-49.3102	-19.318228	5.0	-4.0	-83.699646	43.933197	13	-83.53794860839844	44.10821533203125	2.0983698930462564	4.660699069875928	-4.367253153583382
136	Cell_188	spot_20	0.868096795305549	0	0.868096795305549	0.9770246062492132	0	0.9770246062492132	ExcitatoryL4	-49.172283	-19.147276	5.0	-4.0	-83.398346	44.268223	13	-83.53794860839844	44.10821533203125	0.0	5.0	-4.0
137	Cell_169	spot_20	0.868096795305549	0	0.868096795305549	0.9770246062492132	0	0.9770246062492132	ExcitatoryL4	-49.285854	-19.051851	5.0	-4.0	-83.44222	44.10457	13	-83.53794860839844	44.10821533203125	2.0983698930462564	5.200868584045802	-4.00765244147397
138	Cell_180	spot_20	0.868096795305549	0	0.868096795305549	0.9770246062492132	0	0.9770246062492132	ExcitatoryL2and3	-49.405685	-19.031582	5.0	-4.0	-83.3712	44.02369	13	-83.53794860839844	44.10821533203125	2.0983698930462564	5.3498990812867655	-4.177366943703151
139	Cell_171	spot_20	0.868096795305549	0	0.868096795305549	0.9770246062492132	0	0.9770246062492132	ExcitatoryL2and3	-49.156487	-19.207981	5.0	-4.0	-83.66578	44.01321	13	-83.53794860839844	44.10821533203125	2.0983698930462564	4.731764316116409	-4.199355705971973
140	Cell_174	spot_20	0.868096795305549	0	0.868096795305549	0.9770246062492132	0	0.9770246062492132	ExcitatoryL2and3	-49.10769	-19.010899	5.0	-4.0	-83.61061	44.07531	13	-83.53794860839844	44.10821533203125	2.0983698930462564	4.847527505024929	-4.069048075475376
141	Cell_154	spot_20	0.868096795305549	0	0.868096795305549	0.9770246062492132	0	0.9770246062492132	Endo	-49.323326	-19.320763	5.0	-4.0	-83.4715	44.2031	13	-83.53794860839844	44.10821533203125	0.0	5.0	-4.0
142	Cell_178	spot_21	0.9153855530515947	0	0.9153855530515947	0.940519373235426	0	0.940519373235426	ExcitatoryL4	-49.3982	-18.902218	5.0	-3.0	-83.4676	44.098648	14	-83.39929962158203	43.954978942871094	1.3483562216658935	4.907909508542228	-2.8062828368363157
143	Cell_175	spot_21	0.9153855530515947	0	0.9153855530515947	0.940519373235426	0	0.940519373235426	ExcitatoryL4	-49.380375	-19.155617	5.0	-3.0	-83.52728	44.019997	14	-83.39929962158203	43.954978942871094	1.3483562216658935	4.827433199932515	-2.9123329794232427
144	Cell_186	spot_21	0.9153855530515947	0	0.9153855530515947	0.940519373235426	0	0.940519373235426	ExcitatoryL4	-49.806004	-19.238558	5.0	-3.0	-83.244354	43.61808	14	-83.39929962158203	43.954978942871094	1.3483562216658935	5.208921558424474	-3.4542595980554394
145	Cell_172	spot_21	0.9153855530515947	0	0.9153855530515947	0.940519373235426	0	0.940519373235426	ExcitatoryL2and3	-49.451813	-19.212088	5.0	-3.0	-83.3256	43.944496	14	-83.39929962158203	43.954978942871094	1.3483562216658935	5.09937378769907	-3.014134532536079
146	Cell_153	spot_21	0.9153855530515947	0	0.9153855530515947	0.940519373235426	0	0.940519373235426	ExcitatoryL2and3	-49.289883	-19.091267	5.0	-3.0	-83.3772	44.128468	14	-83.39929962158203	43.954978942871094	0.0	5.0	-3.0
147	Cell_165	spot_21	0.9153855530515947	0	0.9153855530515947	0.940519373235426	0	0.940519373235426	ExcitatoryL2and3	-49.609882	-19.193306	5.0	-3.0	-83.245674	43.81657	14	-83.39929962158203	43.954978942871094	1.3483562216658935	5.207141882930484	-3.1866241790416856
148	Cell_155	spot_21	0.9153855530515947	0	0.9153855530515947	0.940519373235426	0	0.940519373235426	Endo	-49.19352	-19.081915	5.0	-3.0	-83.60738	44.058586	14	-83.39929962158203	43.954978942871094	1.3483562216658935	4.719428500444675	-2.8603006172926113
149	Cell_214	spot_22	0.9286492797488908	0	0.9286492797488908	0.9569484555082826	0	0.9569484555082826	Micro	-51.15664	-19.35895	5.0	-2.0	-82.54934	42.537643	15	-82.63240051269531	42.68840789794922	2.0898142783063616	5.173582519896861	-2.3150697323121032
150	Cell_129	spot_22	0.9286492797488908	0	0.9286492797488908	0.9569484555082826	0	0.9569484555082826	ExcitatoryL4	-50.74705	-19.254322	5.0	-2.0	-82.492065	42.62618	15	-82.63240051269531	42.68840789794922	2.0898142783063616	5.293274260217035	-2.130047379768416
151	Cell_132	spot_22	0.9286492797488908	0	0.9286492797488908	0.9569484555082826	0	0.9569484555082826	ExcitatoryL2and3	-50.885628	-19.229492	5.0	-2.0	-82.660416	42.926018	15	-82.63240051269531	42.68840789794922	2.0898142783063616	4.941453567276452	-1.5034395150484212
152	Cell_160	spot_22	0.9286492797488908	0	0.9286492797488908	0.9569484555082826	0	0.9569484555082826	ExcitatoryL2and3	-50.8515	-19.461742	5.0	-2.0	-82.49125	42.649628	15	-82.63240051269531	42.68840789794922	2.0898142783063616	5.294980270103043	-2.081043441594171
153	Cell_127	spot_22	0.9286492797488908	0	0.9286492797488908	0.9569484555082826	0	0.9569484555082826	ExcitatoryL2and3	-51.017097	-19.381964	5.0	-2.0	-82.588455	42.554314	15	-82.63240051269531	42.68840789794922	2.0898142783063616	5.091837541527135	-2.280232053798772
154	Cell_131	spot_22	0.9286492797488908	0	0.9286492797488908	0.9569484555082826	0	0.9569484555082826	ExcitatoryL2and3	-50.876953	-19.171726	5.0	-2.0	-82.726234	42.71134	15	-82.63240051269531	42.68840789794922	2.0898142783063616	4.80390452721489	-1.9520722830155264
155	Cell_128	spot_22	0.9286492797488908	0	0.9286492797488908	0.9569484555082826	0	0.9569484555082826	ExcitatoryL2and3	-50.75887	-19.343895	5.0	-2.0	-82.70835	42.821106	15	-82.63240051269531	42.68840789794922	2.0898142783063616	4.841277304530793	-1.72268570142683
156	Cell_397	spot_22	0.9286492797488908	0	0.9286492797488908	0.9569484555082826	0	0.9569484555082826	Astro	-51.020683	-19.362307	5.0	-2.0	-82.84312	42.681023	15	-82.63240051269531	42.68840789794922	2.0898142783063616	4.559642177180913	-2.0154338090621993
157	Cell_185	spot_23	0.9265054081660796	0	0.9265054081660796	0.9669650226197342	0	0.9669650226197342	ExcitatoryL2and3	-51.09971	-19.420809	5.0	-1.0	-82.67743	42.491604	16	-82.7339096069336	42.547523498535156	2.453832900952768	5.1385934827099105	-1.137217470150248
158	Cell_179	spot_23	0.9265054081660796	0	0.9265054081660796	0.9669650226197342	0	0.9669650226197342	ExcitatoryL2and3	-50.89854	-19.498528	5.0	-1.0	-82.72866	42.62838	16	-82.7339096069336	42.547523498535156	0.0	5.0	-1.0
159	Cell_158	spot_23	0.9265054081660796	0	0.9265054081660796	0.9669650226197342	0	0.9669650226197342	ExcitatoryL2and3	-51.042633	-19.462517	5.0	-1.0	-82.624825	42.719627	16	-82.7339096069336	42.547523498535156	0.0	5.0	-1.0
160	Cell_410	spot_23	0.9265054081660796	0	0.9265054081660796	0.9669650226197342	0	0.9669650226197342	ExcitatoryL2and3	-51.025368	-19.645067	5.0	-1.0	-82.76101	42.517056	16	-82.7339096069336	42.547523498535156	2.453832900952768	4.933502086912657	-1.074763349074973
161	Cell_170	spot_23	0.9265054081660796	0	0.9265054081660796	0.9669650226197342	0	0.9669650226197342	Astro	-51.00421	-19.683437	5.0	-1.0	-82.774864	42.434273	16	-82.7339096069336	42.547523498535156	2.453832900952768	4.89950427999638	-1.2778983732737952
162	Cell_168	spot_23	0.9265054081660796	0	0.9265054081660796	0.9669650226197342	0	0.9669650226197342	Astro	-51.066505	-19.482199	5.0	-1.0	-82.80304	42.482075	16	-82.7339096069336	42.547523498535156	2.453832900952768	4.8303666693456035	-1.1606003230348458
163	Cell_130	spot_23	0.9265054081660796	0	0.9265054081660796	0.9669650226197342	0	0.9669650226197342	Astro	-50.936546	-19.57433	5.0	-1.0	-82.76754	42.559666	16	-82.7339096069336	42.547523498535156	2.453832900952768	4.917476688938906	-0.97020511579997
164	Cell_146	spot_24	0.868050712208902	0	0.868050712208902	0.976011671900355	0	0.976011671900355	Inhibitory	-49.22131	-19.831335	6.0	-4.0	-84.49918	43.629673	17	-84.33556365966797	43.68888473510742	1.7924823518619661	5.7067140463407	-4.106135982763678
165	Cell_267	spot_24	0.868050712208902	0	0.868050712208902	0.976011671900355	0	0.976011671900355	Inhibitory	-49.243374	-19.84514	6.0	-4.0	-84.37197	43.79093	17	-84.33556365966797	43.68888473510742	1.7924823518619661	5.934740251288717	-3.8170826133931754
166	Cell_151	spot_24	0.868050712208902	0	0.868050712208902	0.976011671900355	0	0.976011671900355	ExcitatoryL2and3	-49.024513	-20.140017	6.0	-4.0	-84.086586	43.56311	17	-84.33556365966797	43.68888473510742	1.7924823518619661	6.446288063588435	-4.2254483628205906
167	Cell_137	spot_24	0.868050712208902	0	0.868050712208902	0.976011671900355	0	0.976011671900355	ExcitatoryL2and3	-49.065773	-20.059437	6.0	-4.0	-84.312035	43.505512	17	-84.33556365966797	43.68888473510742	1.7924823518619661	6.042175411782397	-4.328691965690631
168	Cell_139	spot_24	0.868050712208902	0	0.868050712208902	0.976011671900355	0	0.976011671900355	ExcitatoryL2and3	-49.11783	-19.989573	6.0	-4.0	-84.25058	43.794395	17	-84.33556365966797	43.68888473510742	0.0	6.0	-4.0
169	Cell_135	spot_24	0.868050712208902	0	0.868050712208902	0.976011671900355	0	0.976011671900355	ExcitatoryL2and3	-49.154575	-20.25971	6.0	-4.0	-84.25538	43.766495	17	-84.33556365966797	43.68888473510742	0.0	6.0	-4.0
170	Cell_141	spot_24	0.868050712208902	0	0.868050712208902	0.976011671900355	0	0.976011671900355	ExcitatoryL2and3	-49.149017	-20.141253	6.0	-4.0	-84.486465	43.8324	17	-84.33556365966797	43.68888473510742	1.7924823518619661	5.729511196613481	-3.7427491339044536
171	Cell_136	spot_24	0.868050712208902	0	0.868050712208902	0.976011671900355	0	0.976011671900355	Astro	-49.29645	-20.276937	6.0	-4.0	-84.42232	43.628548	17	-84.33556365966797	43.68888473510742	1.7924823518619661	5.844495263496228	-4.108153127133944
172	Cell_145	spot_25	0.8873847392521519	0	0.8873847392521519	0.9481192578955304	0	0.9481192578955304	OPC	-49.31934	-19.862396	6.0	-3.0	-84.22747	43.693787	18	-84.14602661132812	43.695831298828125	2.1044384967704333	5.8286065601118136	-3.0043028985377083
173	Cell_150	spot_25	0.8873847392521519	0	0.8873847392521519	0.9481192578955304	0	0.9481192578955304	Inhibitory	-48.96019	-20.1209	6.0	-3.0	-84.31822	43.57218	18	-84.14602661132812	43.695831298828125	2.1044384967704333	5.63762529852212	-3.2602129723904296
174	Cell_142	spot_25	0.8873847392521519	0	0.8873847392521519	0.9481192578955304	0	0.9481192578955304	ExcitatoryL4	-49.193954	-20.165562	6.0	-3.0	-84.062294	43.776432	18	-84.14602661132812	43.695831298828125	0.0	6.0	-3.0
175	Cell_143	spot_25	0.8873847392521519	0	0.8873847392521519	0.9481192578955304	0	0.9481192578955304	ExcitatoryL4	-49.143116	-19.84205	6.0	-3.0	-84.056366	43.90019	18	-84.14602661132812	43.695831298828125	0.0	6.0	-3.0
176	Cell_152	spot_25	0.8873847392521519	0	0.8873847392521519	0.9481192578955304	0	0.9481192578955304	ExcitatoryL2and3	-49.32694	-20.095789	6.0	-3.0	-84.09216	43.879356	18	-84.14602661132812	43.695831298828125	0.0	6.0	-3.0
177	Cell_147	spot_25	0.8873847392521519	0	0.8873847392521519	0.9481192578955304	0	0.9481192578955304	ExcitatoryL2and3	-49.375385	-19.703005	6.0	-3.0	-84.064476	43.669186	18	-84.14602661132812	43.695831298828125	2.1044384967704333	6.171618218170007	-3.0560741535184537
178	Cell_144	spot_25	0.8873847392521519	0	0.8873847392521519	0.9481192578955304	0	0.9481192578955304	ExcitatoryL2and3	-49.165092	-20.042543	6.0	-3.0	-84.21554	43.616837	18	-84.14602661132812	43.695831298828125	2.1044384967704333	5.853717505309483	-3.166239594997872
179	Cell_238	spot_25	0.8873847392521519	0	0.8873847392521519	0.9481192578955304	0	0.9481192578955304	Astro	-49.471806	-20.002754	6.0	-3.0	-84.13168	43.45867	18	-84.14602661132812	43.695831298828125	2.1044384967704333	6.030184512130191	-3.499088063599464
180	Cell_123	spot_26	0.9070050692346394	0	0.9070050692346394	0.9756657009296476	0	0.9756657009296476	OPC	-50.964703	-19.966694	6.0	-2.0	-83.12165	42.283398	19	-83.20780944824219	42.35670852661133	1.7103437033151405	6.147361079723647	-2.1253867541897216
181	Cell_133	spot_26	0.9070050692346394	0	0.9070050692346394	0.9756657009296476	0	0.9756657009296476	ExcitatoryL2and3	-50.950527	-19.942762	6.0	-2.0	-83.13667	42.26991	19	-83.20780944824219	42.35670852661133	1.7103437033151405	6.1216678214241815	-2.148457186222964
182	Cell_121	spot_26	0.9070050692346394	0	0.9070050692346394	0.9756657009296476	0	0.9756657009296476	ExcitatoryL2and3	-50.959023	-20.016735	6.0	-2.0	-83.20201	42.25978	19	-83.20780944824219	42.35670852661133	1.7103437033151405	6.009917154041439	-2.165779583578241
183	Cell_138	spot_26	0.9070050692346394	0	0.9070050692346394	0.9756657009296476	0	0.9756657009296476	ExcitatoryL2and3	-51.011288	-19.930746	6.0	-2.0	-83.127426	42.43164	19	-83.20780944824219	42.35670852661133	0.0	6.0	-2.0
184	Cell_122	spot_26	0.9070050692346394	0	0.9070050692346394	0.9756657009296476	0	0.9756657009296476	ExcitatoryL2and3	-50.6294	-20.055061	6.0	-2.0	-83.33006	42.503902	19	-83.20780944824219	42.35670852661133	1.7103437033151405	5.790904636368395	-1.7482478251033096
185	Cell_126	spot_26	0.9070050692346394	0	0.9070050692346394	0.9756657009296476	0	0.9756657009296476	ExcitatoryL2and3	-50.700966	-20.248066	6.0	-2.0	-83.49782	42.393547	19	-83.20780944824219	42.35670852661133	1.7103437033151405	5.503985711285285	-1.9369934496196202
186	Cell_124	spot_26	0.9070050692346394	0	0.9070050692346394	0.9756657009296476	0	0.9756657009296476	Astro	-50.814537	-20.042131	6.0	-2.0	-83.11869	42.216885	19	-83.20780944824219	42.35670852661133	1.7103437033151405	6.15242404783954	-2.2391469501545456
187	Cell_140	spot_26	0.9070050692346394	0	0.9070050692346394	0.9756657009296476	0	0.9756657009296476	Astro	-50.95235	-20.064154	6.0	-2.0	-83.12817	42.494595	19	-83.20780944824219	42.35670852661133	0.0	6.0	-2.0
188	Cell_395	spot_27	0.9626716704066124	0	0.9626716704066124	0.9321073728269952	0	0.9321073728269952	ExcitatoryL4	-51.060886	-20.144577	6.0	-1.0	-83.39977	42.097385	20	-83.3530502319336	42.14369201660156	3.875926590646961	5.818907360526108	-1.1794810214380778
189	Cell_149	spot_27	0.9626716704066124	0	0.9626716704066124	0.9321073728269952	0	0.9321073728269952	ExcitatoryL4	-50.983604	-20.20306	6.0	-1.0	-83.354836	42.120625	20	-83.3530502319336	42.14369201660156	3.875926590646961	5.993080392286595	-1.089407837271279
190	Cell_236	spot_27	0.9626716704066124	0	0.9626716704066124	0.9321073728269952	0	0.9321073728269952	ExcitatoryL2and3	-50.992477	-20.089931	6.0	-1.0	-83.28207	42.251408	20	-83.3530502319336	42.14369201660156	0.0	6.0	-1.0
191	Cell_152	spot_27	0.9626716704066124	0	0.9626716704066124	0.9321073728269952	0	0.9321073728269952	ExcitatoryL2and3	-50.919342	-20.355043	6.0	-1.0	-83.359406	42.111984	20	-83.3530502319336	42.14369201660156	3.875926590646961	5.975367379379205	-1.12289696434577
192	Cell_125	spot_27	0.9626716704066124	0	0.9626716704066124	0.9321073728269952	0	0.9321073728269952	Endo	-50.987717	-20.260784	6.0	-1.0	-83.38641	42.1136	20	-83.3530502319336	42.14369201660156	3.875926590646961	5.870686134484107	-1.116627918041318
193	Cell_246	spot_27	0.9626716704066124	0	0.9626716704066124	0.9321073728269952	0	0.9321073728269952	Astro	-50.986233	-20.281626	6.0	-1.0	-83.335815	42.167156	20	-83.3530502319336	42.14369201660156	0.0	6.0	-1.0
194	Cell_261	spot_28	0.82491722190851	0	0.82491722190851	0.9399845850028372	0	0.9399845850028372	Neuroblast	-48.944874	-20.687654	7.0	-4.0	-85.057434	43.48476	21	-85.01414489746094	43.35039520263672	2.016858821905127	6.912691826206286	-3.7290045994416645
195	Cell_293	spot_28	0.82491722190851	0	0.82491722190851	0.9399845850028372	0	0.9399845850028372	Inhibitory	-49.168175	-20.996603	7.0	-4.0	-85.12508	43.12869	21	-85.01414489746094	43.35039520263672	2.016858821905127	6.776267034374233	-4.447150489312378
196	Cell_264	spot_28	0.82491722190851	0	0.82491722190851	0.9399845850028372	0	0.9399845850028372	Inhibitory	-49.048664	-20.991518	7.0	-4.0	-85.061386	43.20563	21	-85.01414489746094	43.35039520263672	2.016858821905127	6.904721146963222	-4.291968442659293
197	Cell_266	spot_28	0.82491722190851	0	0.82491722190851	0.9399845850028372	0	0.9399845850028372	Inhibitory	-48.916676	-21.064169	7.0	-4.0	-84.889534	43.529312	21	-85.01414489746094	43.35039520263672	0.0	7.0	-4.0
198	Cell_303	spot_28	0.82491722190851	0	0.82491722190851	0.9399845850028372	0	0.9399845850028372	ExcitatoryL5and6	-49.212734	-20.851961	7.0	-4.0	-85.15314	43.198452	21	-85.01414489746094	43.35039520263672	2.016858821905127	6.719672134266147	-4.306447997037137
199	Cell_298	spot_28	0.82491722190851	0	0.82491722190851	0.9399845850028372	0	0.9399845850028372	ExcitatoryL5and6	-49.09958	-20.710978	7.0	-4.0	-85.01631	43.561127	21	-85.01414489746094	43.35039520263672	2.016858821905127	6.995629975086814	-3.5749843023693733
200	Cell_277	spot_28	0.82491722190851	0	0.82491722190851	0.9399845850028372	0	0.9399845850028372	ExcitatoryL2and3	-49.1079	-21.073757	7.0	-4.0	-84.83339	43.401566	21	-85.01414489746094	43.35039520263672	0.0	7.0	-4.0
201	Cell_182	spot_28	0.82491722190851	0	0.82491722190851	0.9399845850028372	0	0.9399845850028372	ExcitatoryL2and3	-48.976635	-21.087381	7.0	-4.0	-84.92608	43.346786	21	-85.01414489746094	43.35039520263672	2.016858821905127	7.177616892862327	-4.007278245718087
202	Cell_279	spot_28	0.82491722190851	0	0.82491722190851	0.9399845850028372	0	0.9399845850028372	ExcitatoryL2and3	-49.23134	-20.915102	7.0	-4.0	-85.06494	43.29725	21	-85.01414489746094	43.35039520263672	2.016858821905127	6.897550613126798	-4.107188709666375
203	Cell_411	spot_29	0.82375957203746	0	0.82375957203746	0.9121824882020864	0	0.9121824882020864	Inhibitory	-49.10887	-20.933638	7.0	-3.0	-84.68544	43.373756	22	-84.88665771484375	43.28947067260742	0.0	7.0	-3.0
204	Cell_329	spot_29	0.82375957203746	0	0.82375957203746	0.9121824882020864	0	0.9121824882020864	Inhibitory	-49.013405	-20.659002	7.0	-3.0	-84.844734	43.34828	22	-84.88665771484375	43.28947067260742	0.0	7.0	-3.0
205	Cell_274	spot_29	0.82375957203746	0	0.82375957203746	0.9121824882020864	0	0.9121824882020864	Inhibitory	-49.20237	-20.788738	7.0	-3.0	-84.942825	43.463318	22	-84.88665771484375	43.28947067260742	1.9617167781837077	6.889815071708767	-2.658961033889137
206	Cell_303	spot_29	0.82375957203746	0	0.82375957203746	0.9121824882020864	0	0.9121824882020864	ExcitatoryL5and6	-49.082523	-20.718786	7.0	-3.0	-84.91581	43.22909	22	-84.88665771484375	43.28947067260742	1.9617167781837077	6.942812196278076	-3.118446552906386
207	Cell_269	spot_29	0.82375957203746	0	0.82375957203746	0.9121824882020864	0	0.9121824882020864	ExcitatoryL5and6	-49.337185	-20.840494	7.0	-3.0	-85.024475	43.284386	22	-84.88665771484375	43.28947067260742	1.9617167781837077	6.729641327811352	-3.0099753130543476
208	Cell_134	spot_29	0.82375957203746	0	0.82375957203746	0.9121824882020864	0	0.9121824882020864	ExcitatoryL2and3	-49.53522	-20.964664	7.0	-3.0	-84.908104	43.035496	22	-84.88665771484375	43.28947067260742	1.9617167781837077	6.957928574650006	-3.498226851112041
209	Cell_314	spot_29	0.82375957203746	0	0.82375957203746	0.9121824882020864	0	0.9121824882020864	Endo	-48.985977	-20.827682	7.0	-3.0	-84.83982	43.36464	22	-84.88665771484375	43.28947067260742	0.0	7.0	-3.0
210	Cell_281	spot_29	0.82375957203746	0	0.82375957203746	0.9121824882020864	0	0.9121824882020864	Endo	-49.124973	-21.00685	7.0	-3.0	-84.932076	43.21681	22	-84.88665771484375	43.28947067260742	1.9617167781837077	6.910903167873172	-3.1425429580339177
211	Cell_409	spot_30	0.8991808600454305	0	0.8991808600454305	0.9499233454560936	0	0.9499233454560936	Olig	-51.04283	-20.987148	7.0	-2.0	-84.06904	41.69695	24	-84.045166015625	41.81406021118164	1.2368285963709635	6.970473963332789	-2.14484648860393
212	Cell_310	spot_30	0.8991808600454305	0	0.8991808600454305	0.9499233454560936	0	0.9499233454560936	NSC	-50.76083	-20.792667	7.0	-2.0	-83.87643	41.913853	24	-84.045166015625	41.81406021118164	0.0	7.0	-2.0
213	Cell_303	spot_30	0.8991808600454305	0	0.8991808600454305	0.9499233454560936	0	0.9499233454560936	ExcitatoryL5and6	-51.02719	-20.770351	7.0	-2.0	-83.99327	41.811573	24	-84.045166015625	41.81406021118164	1.2368285963709635	7.064185395145533	-2.0030762185853344
214	Cell_312	spot_30	0.8991808600454305	0	0.8991808600454305	0.9499233454560936	0	0.9499233454560936	ExcitatoryL5and6	-50.94024	-20.753572	7.0	-2.0	-84.07628	41.755093	24	-84.045166015625	41.81406021118164	1.2368285963709635	6.9615189589233335	-2.0729328019817443
215	Cell_298	spot_30	0.8991808600454305	0	0.8991808600454305	0.9499233454560936	0	0.9499233454560936	ExcitatoryL5and6	-50.8169	-20.966003	7.0	-2.0	-83.847855	41.971703	24	-84.045166015625	41.81406021118164	0.0	7.0	-2.0
216	Cell_258	spot_30	0.8991808600454305	0	0.8991808600454305	0.9499233454560936	0	0.9499233454560936	ExcitatoryL2and3	-50.861675	-20.97848	7.0	-2.0	-84.11922	41.74644	24	-84.045166015625	41.81406021118164	1.2368285963709635	6.908411725186336	-2.0836335132571095
217	Cell_407	spot_30	0.8991808600454305	0	0.8991808600454305	0.9499233454560936	0	0.9499233454560936	Endo	-51.01094	-21.120739	7.0	-2.0	-83.94182	41.900608	24	-84.045166015625	41.81406021118164	0.0	7.0	-2.0
218	Cell_361	spot_30	0.8991808600454305	0	0.8991808600454305	0.9499233454560936	0	0.9499233454560936	Endo	-50.894543	-21.116732	7.0	-2.0	-84.437416	41.716255	24	-84.045166015625	41.81406021118164	1.2368285963709635	6.514853907583463	-2.120968049554272
219	Cell_307	spot_31	0.7783291746710773	0	0.7783291746710773	0.9369579553254552	0	0.9369579553254552	Neuroblast	-51.00455	-21.19434	7.0	-1.0	-84.007835	41.633633	25	-84.14689636230469	41.57524871826172	0.0	7.0	-1.0
220	Cell_308	spot_31	0.7783291746710773	0	0.7783291746710773	0.9369579553254552	0	0.9369579553254552	NSC	-51.150894	-20.85893	7.0	-1.0	-84.29321	41.558746	25	-84.14689636230469	41.57524871826172	2.5774207831918527	6.622880738982747	-1.0425335781405942
221	Cell_15	spot_31	0.7783291746710773	0	0.7783291746710773	0.9369579553254552	0	0.9369579553254552	Inhibitory	-50.971256	-21.082201	7.0	-1.0	-84.05456	41.674046	25	-84.14689636230469	41.57524871826172	0.0	7.0	-1.0
222	Cell_313	spot_31	0.7783291746710773	0	0.7783291746710773	0.9369579553254552	0	0.9369579553254552	Inhibitory	-51.033672	-21.144245	7.0	-1.0	-84.18913	41.38591	25	-84.14689636230469	41.57524871826172	2.5774207831918527	6.891139210084915	-1.4880054594152239
223	Cell_421	spot_31	0.7783291746710773	0	0.7783291746710773	0.9369579553254552	0	0.9369579553254552	ExcitatoryL5and6	-50.86369	-21.052341	7.0	-1.0	-84.18977	41.6239	25	-84.14689636230469	41.57524871826172	2.5774207831918527	6.889487420642562	-0.8746016515013546
224	Cell_309	spot_32	0.9397231181196818	0	0.9397231181196818	0.93530714273966	0	0.93530714273966	Inhibitory	-48.9629	-21.366236	8.0	-4.0	-85.722206	42.67981	26	-85.69680786132812	42.82893371582031	1.5333143230322928	7.961056492756847	-4.228654188217081
225	Cell_302	spot_32	0.9397231181196818	0	0.9397231181196818	0.93530714273966	0	0.93530714273966	Inhibitory	-49.104683	-21.88411	8.0	-4.0	-85.67592	42.89084	26	-85.69680786132812	42.82893371582031	0.0	8.0	-4.0
226	Cell_303	spot_32	0.9397231181196818	0	0.9397231181196818	0.93530714273966	0	0.93530714273966	ExcitatoryL5and6	-49.094475	-21.57957	8.0	-4.0	-85.959465	42.63568	26	-85.69680786132812	42.82893371582031	1.5333143230322928	7.59726400604986	-4.296316923541321
227	Cell_416	spot_32	0.9397231181196818	0	0.9397231181196818	0.93530714273966	0	0.93530714273966	ExcitatoryL5and6	-48.92808	-21.742844	8.0	-4.0	-85.76435	42.778057	26	-85.69680786132812	42.82893371582031	1.5333143230322928	7.896435305009423	-4.078009846215369
228	Cell_400	spot_32	0.9397231181196818	0	0.9397231181196818	0.93530714273966	0	0.93530714273966	ExcitatoryL5and6	-49.262573	-21.627367	8.0	-4.0	-85.46018	42.998444	26	-85.69680786132812	42.82893371582031	0.0	8.0	-4.0
229	Cell_304	spot_32	0.9397231181196818	0	0.9397231181196818	0.93530714273966	0	0.93530714273966	ExcitatoryL2and3	-49.11877	-21.675653	8.0	-4.0	-85.73808	42.919685	26	-85.69680786132812	42.82893371582031	1.5333143230322928	7.93671241388241	-3.8608491983606785
230	Cell_461	spot_32	0.9397231181196818	0	0.9397231181196818	0.93530714273966	0	0.93530714273966	Endo	-49.248226	-21.751059	8.0	-4.0	-85.49062	42.946526	26	-85.69680786132812	42.82893371582031	0.0	8.0	-4.0
231	Cell_460	spot_32	0.9397231181196818	0	0.9397231181196818	0.93530714273966	0	0.93530714273966	Endo	-49.174084	-21.747425	8.0	-4.0	-85.7636	42.78243	26	-85.69680786132812	42.82893371582031	1.5333143230322928	7.897581734480685	-4.071306743286463
232	Cell_315	spot_33	0.931550807793122	0	0.931550807793122	0.95297862720859	0	0.95297862720859	OPC	-49.089878	-21.687277	8.0	-3.0	-85.68153	42.926598	27	-85.5348129272461	42.82114028930664	2.2071819233981356	7.676160312127155	-2.767236540709147
233	Cell_505	spot_33	0.931550807793122	0	0.931550807793122	0.95297862720859	0	0.95297862720859	OPC	-49.318874	-21.66209	8.0	-3.0	-85.51021	42.595947	27	-85.5348129272461	42.82114028930664	2.2071819233981356	8.05430726396911	-3.497041971145485
234	Cell_241	spot_33	0.931550807793122	0	0.931550807793122	0.95297862720859	0	0.95297862720859	ExcitatoryL5and6	-49.210934	-21.304987	8.0	-3.0	-85.54653	42.887375	27	-85.5348129272461	42.82114028930664	2.2071819233981356	7.974134586835178	-2.853808213287499
235	Cell_298	spot_33	0.931550807793122	0	0.931550807793122	0.95297862720859	0	0.95297862720859	ExcitatoryL5and6	-49.389954	-21.478788	8.0	-3.0	-85.40243	42.884377	27	-85.5348129272461	42.82114028930664	0.0	8.0	-3.0
236	Cell_312	spot_33	0.931550807793122	0	0.931550807793122	0.95297862720859	0	0.95297862720859	ExcitatoryL5and6	-49.27479	-21.761465	8.0	-3.0	-85.424164	42.903625	27	-85.5348129272461	42.82114028930664	0.0	8.0	-3.0
237	Cell_258	spot_33	0.931550807793122	0	0.931550807793122	0.95297862720859	0	0.95297862720859	ExcitatoryL2and3	-49.121048	-21.372555	8.0	-3.0	-85.58879	42.794098	27	-85.5348129272461	42.82114028930664	2.2071819233981356	7.880860808501878	-3.059687471980932
238	Cell_314	spot_33	0.931550807793122	0	0.931550807793122	0.95297862720859	0	0.95297862720859	Endo	-49.010815	-21.540154	8.0	-3.0	-85.51466	42.867733	27	-85.5348129272461	42.82114028930664	0.0	8.0	-3.0
239	Cell_148	spot_33	0.931550807793122	0	0.931550807793122	0.95297862720859	0	0.95297862720859	Astro	-49.2908	-21.540047	8.0	-3.0	-85.6102	42.70938	27	-85.5348129272461	42.82114028930664	2.2071819233981356	7.83360927898333	-3.2466728546516235
240	Cell_278	spot_34	0.9112803150063076	0	0.9112803150063076	0.9498962652812328	0	0.9498962652812328	Inhibitory	-51.127796	-21.659687	8.0	-2.0	-84.86376	41.2973	28	-84.97164154052734	41.28676986694336	0.0	8.0	-2.0
241	Cell_262	spot_34	0.9112803150063076	0	0.9112803150063076	0.9498962652812328	0	0.9498962652812328	ExcitatoryL5and6	-50.791542	-21.95598	8.0	-2.0	-84.93799	41.095467	28	-84.97164154052734	41.28676986694336	1.21394233665733	8.040853116203273	-2.2322311181679857
242	Cell_303	spot_34	0.9112803150063076	0	0.9112803150063076	0.9498962652812328	0	0.9498962652812328	ExcitatoryL5and6	-50.9022	-22.006746	8.0	-2.0	-84.857994	41.19473	28	-84.97164154052734	41.28676986694336	1.21394233665733	8.137961464285642	-2.1117324855761264
243	Cell_335	spot_34	0.9112803150063076	0	0.9112803150063076	0.9498962652812328	0	0.9498962652812328	Astro	-50.948444	-21.810112	8.0	-2.0	-85.08579	41.277214	28	-84.97164154052734	41.28676986694336	1.21394233665733	7.861427267142739	-2.011600210393244
244	Cell_253	spot_34	0.9112803150063076	0	0.9112803150063076	0.9498962652812328	0	0.9498962652812328	Astro	-50.51744	-21.975037	8.0	-2.0	-85.24282	41.596783	28	-84.97164154052734	41.28676986694336	1.21394233665733	7.670804089247527	-1.6236623160725865
245	Cell_364	spot_34	0.9112803150063076	0	0.9112803150063076	0.9498962652812328	0	0.9498962652812328	Astro	-50.91549	-21.876642	8.0	-2.0	-84.955185	41.286736	28	-84.97164154052734	41.28676986694336	1.21394233665733	8.019977368317946	-2.0000416774026104
246	Cell_255	spot_34	0.9112803150063076	0	0.9112803150063076	0.9498962652812328	0	0.9498962652812328	Astro	-50.888577	-21.812023	8.0	-2.0	-84.85798	41.25915	28	-84.97164154052734	41.28676986694336	1.21394233665733	8.13797998757569	-2.0335271549888576
247	Cell_393	spot_35	0.9623298095020552	0	0.9623298095020552	0.9755924039738026	0	0.9755924039738026	Inhibitory	-51.119156	-22.13846	8.0	-1.0	-85.09764	41.099598	29	-85.10100555419922	41.0468864440918	0.0	8.0	-1.0
248	Cell_245	spot_35	0.9623298095020552	0	0.9623298095020552	0.9755924039738026	0	0.9755924039738026	Inhibitory	-51.004707	-21.95255	8.0	-1.0	-85.12679	40.99517	29	-85.10100555419922	41.0468864440918	3.542736752542368	7.908642194949393	-1.1832156454247165
249	Cell_312	spot_35	0.9623298095020552	0	0.9623298095020552	0.9755924039738026	0	0.9755924039738026	ExcitatoryL5and6	-51.01848	-21.955961	8.0	-1.0	-85.10945	41.037086	29	-85.10100555419922	41.0468864440918	3.542736752542368	7.970078967399106	-1.0347186688128713
250	Cell_303	spot_35	0.9623298095020552	0	0.9623298095020552	0.9755924039738026	0	0.9755924039738026	ExcitatoryL5and6	-51.043507	-22.196142	8.0	-1.0	-84.98642	41.051662	29	-85.10100555419922	41.0468864440918	0.0	8.0	-1.0
251	Cell_241	spot_35	0.9623298095020552	0	0.9623298095020552	0.9755924039738026	0	0.9755924039738026	ExcitatoryL5and6	-50.983524	-21.925215	8.0	-1.0	-85.07124	41.13485	29	-85.10100555419922	41.0468864440918	0.0	8.0	-1.0
252	Cell_368	spot_35	0.9623298095020552	0	0.9623298095020552	0.9755924039738026	0	0.9755924039738026	ExcitatoryL5and6	-51.012295	-22.105598	8.0	-1.0	-85.21446	40.962944	29	-85.10100555419922	41.0468864440918	3.542736752542368	7.598052686713733	-1.2973858728015701
253	Cell_232	spot_36	0.8970819224936686	0	0.8970819224936686	0.9126536083856124	0	0.9126536083856124	ExcitatoryL5and6	-49.130417	-22.600582	9.0	-4.0	-86.41194	42.39489	30	-86.50054168701172	42.31278610229492	0.0	9.0	-4.0
254	Cell_276	spot_36	0.8970819224936686	0	0.8970819224936686	0.9126536083856124	0	0.9126536083856124	ExcitatoryL5and6	-48.996517	-22.65055	9.0	-4.0	-86.42441	42.452347	30	-86.50054168701172	42.31278610229492	0.0	9.0	-4.0
255	Cell_520	spot_36	0.8970819224936686	0	0.8970819224936686	0.9126536083856124	0	0.9126536083856124	ExcitatoryL5and6	-49.059647	-22.780859	9.0	-4.0	-86.39408	42.32403	30	-86.50054168701172	42.31278610229492	0.0	9.0	-4.0
256	Cell_242	spot_36	0.8970819224936686	0	0.8970819224936686	0.9126536083856124	0	0.9126536083856124	ExcitatoryL5and6	-49.132065	-22.639778	9.0	-4.0	-86.66566	42.19302	30	-86.50054168701172	42.31278610229492	2.45124451878496	8.595261887546203	-4.293576327941027
257	Cell_239	spot_36	0.8970819224936686	0	0.8970819224936686	0.9126536083856124	0	0.9126536083856124	Endo	-49.160416	-22.727856	9.0	-4.0	-86.5645	42.242214	30	-86.50054168701172	42.31278610229492	2.45124451878496	8.843225228874402	-4.172988981618964
258	Cell_429	spot_36	0.8970819224936686	0	0.8970819224936686	0.9126536083856124	0	0.9126536083856124	Endo	-49.120922	-22.523119	9.0	-4.0	-86.54264	42.270214	30	-86.50054168701172	42.31278610229492	2.45124451878496	8.896805059397465	-4.10435443431717
259	Cell_243	spot_37	0.961619308874049	0	0.961619308874049	0.9601979676855744	0	0.9601979676855744	NSC	-49.208866	-22.578232	9.0	-3.0	-86.3292	42.14011	31	-86.3377914428711	42.1436882019043	1.5198524776866094	9.013056594008447	-3.0054383149111557
260	Cell_302	spot_37	0.961619308874049	0	0.961619308874049	0.9601979676855744	0	0.9601979676855744	Inhibitory	-49.21188	-22.577845	9.0	-3.0	-86.24144	42.399494	31	-86.3377914428711	42.1436882019043	0.0	9.0	-3.0
261	Cell_394	spot_37	0.961619308874049	0	0.961619308874049	0.9601979676855744	0	0.9601979676855744	ExcitatoryL5and6	-49.38757	-22.824211	9.0	-3.0	-86.58606	42.131306	31	-86.3377914428711	42.1436882019043	1.5198524776866094	8.622669071377564	-3.0188195844366863
262	Cell_294	spot_37	0.961619308874049	0	0.961619308874049	0.9601979676855744	0	0.9601979676855744	ExcitatoryL2and3	-49.332134	-22.790249	9.0	-3.0	-86.38685	42.15587	31	-86.3377914428711	42.1436882019043	1.5198524776866094	8.925440586612511	-2.981487697749125
263	Cell_229	spot_37	0.961619308874049	0	0.961619308874049	0.9601979676855744	0	0.9601979676855744	ExcitatoryL2and3	-49.3193	-22.468826	9.0	-3.0	-86.24213	42.01482	31	-86.3377914428711	42.1436882019043	1.5198524776866094	9.145396653882694	-3.1958605056808818
264	Cell_234	spot_37	0.961619308874049	0	0.961619308874049	0.9601979676855744	0	0.9601979676855744	ExcitatoryL2and3	-49.342827	-22.614336	9.0	-3.0	-86.456276	42.151432	31	-86.3377914428711	42.1436882019043	1.5198524776866094	8.819921043560234	-2.9882305125057074
265	Cell_253	spot_37	0.961619308874049	0	0.961619308874049	0.9601979676855744	0	0.9601979676855744	Astro	-49.755222	-22.71846	9.0	-3.0	-86.24436	41.828255	31	-86.3377914428711	42.1436882019043	1.5198524776866094	9.141999156507493	-3.4794123898598786
266	Cell_181	spot_37	0.961619308874049	0	0.961619308874049	0.9601979676855744	0	0.9601979676855744	Astro	-49.268547	-22.69191	9.0	-3.0	-86.215996	42.328217	31	-86.3377914428711	42.1436882019043	0.0	9.0	-3.0
267	Cell_231	spot_38	0.8484926936473317	0	0.8484926936473317	0.9617131263747944	0	0.9617131263747944	Neuroblast	-51.020195	-22.810026	9.0	-2.0	-85.82213	41.05561	32	-85.60963439941406	40.80064392089844	1.5064499406062601	8.67988858226192	-1.6159053759374955
268	Cell_249	spot_38	0.8484926936473317	0	0.8484926936473317	0.9617131263747944	0	0.9617131263747944	ExcitatoryL5and6	-51.16121	-22.619081	9.0	-2.0	-85.50787	40.66086	32	-85.60963439941406	40.80064392089844	1.5064499406062601	9.153297647917224	-2.2105802597945243
269	Cell_311	spot_38	0.8484926936473317	0	0.8484926936473317	0.9617131263747944	0	0.9617131263747944	ExcitatoryL5and6	-50.97314	-22.64315	9.0	-2.0	-85.72297	40.65614	32	-85.60963439941406	40.80064392089844	1.5064499406062601	8.829267014559127	-2.217688866424964
270	Cell_312	spot_38	0.8484926936473317	0	0.8484926936473317	0.9617131263747944	0	0.9617131263747944	ExcitatoryL5and6	-50.81707	-22.599651	9.0	-2.0	-85.55029	40.66315	32	-85.60963439941406	40.80064392089844	1.5064499406062601	9.089394894699367	-2.207126522862516
271	Cell_241	spot_38	0.8484926936473317	0	0.8484926936473317	0.9617131263747944	0	0.9617131263747944	ExcitatoryL5and6	-51.017414	-22.72738	9.0	-2.0	-85.48098	40.745445	32	-85.60963439941406	40.80064392089844	1.5064499406062601	9.193811533725306	-2.083154032289782
272	Cell_237	spot_38	0.8484926936473317	0	0.8484926936473317	0.9617131263747944	0	0.9617131263747944	ExcitatoryL5and6	-50.928917	-22.605247	9.0	-2.0	-85.684525	40.892254	32	-85.60963439941406	40.80064392089844	1.5064499406062601	8.887181757988044	-1.861994188981402
273	Cell_296	spot_38	0.8484926936473317	0	0.8484926936473317	0.9617131263747944	0	0.9617131263747944	Endo	-50.7749	-22.668404	9.0	-2.0	-85.53262	40.950195	32	-85.60963439941406	40.80064392089844	0.0	9.0	-2.0
274	Cell_297	spot_38	0.8484926936473317	0	0.8484926936473317	0.9617131263747944	0	0.9617131263747944	Astro	-51.07609	-22.850742	9.0	-2.0	-85.57565	40.781513	32	-85.60963439941406	40.80064392089844	1.5064499406062601	9.051191162379915	-2.0288194521031966
275	Cell_299	spot_39	0.8074930514383435	0	0.8074930514383435	0.9584655855966836	0	0.9584655855966836	Neuroblast	-51.195324	-22.868023	9.0	-1.0	-85.71552	40.497215	33	-85.7431640625	40.565860748291016	3.7518407444035344	9.103705742011826	-1.2575468986341156
276	Cell_284	spot_39	0.8074930514383435	0	0.8074930514383435	0.9584655855966836	0	0.9584655855966836	NSC	-51.08508	-23.026741	9.0	-1.0	-85.80684	40.533398	33	-85.7431640625	40.565860748291016	3.7518407444035344	8.761101815393129	-1.1217962827105488
277	Cell_308	spot_39	0.8074930514383435	0	0.8074930514383435	0.9584655855966836	0	0.9584655855966836	NSC	-51.08234	-22.960695	9.0	-1.0	-85.688805	40.68754	33	-85.7431640625	40.565860748291016	0.0	9.0	-1.0
278	Cell_313	spot_39	0.8074930514383435	0	0.8074930514383435	0.9584655855966836	0	0.9584655855966836	Inhibitory	-51.104885	-23.153551	9.0	-1.0	-85.822296	40.544884	33	-85.7431640625	40.565860748291016	3.7518407444035344	8.703109037773487	-1.0787024393214226
279	Cell_268	spot_39	0.8074930514383435	0	0.8074930514383435	0.9584655855966836	0	0.9584655855966836	ExcitatoryL5and6	-50.938816	-23.069254	9.0	-1.0	-85.75363	40.57174	33	-85.7431640625	40.565860748291016	3.7518407444035344	8.960727497090748	-0.9779449974551169
280	Cell_1	spot_39	0.8074930514383435	0	0.8074930514383435	0.9584655855966836	0	0.9584655855966836	ExcitatoryL2and3	-51.105373	-22.926533	9.0	-1.0	-85.671906	40.560402	33	-85.7431640625	40.565860748291016	3.7518407444035344	9.2673507122248	-1.020480667515722
281	Cell_509	spot_40	0.9402268805850814	0	0.9402268805850814	0.9587129973427072	0	0.9587129973427072	Olig	-49.16652	-23.506447	10.0	-4.0	-87.374176	41.646458	35	-87.30474853515625	41.68941116333008	2.1284199625829445	9.852229143833124	-4.09142306815599
282	Cell_237	spot_40	0.9402268805850814	0	0.9402268805850814	0.9587129973427072	0	0.9587129973427072	ExcitatoryL5and6	-49.17053	-23.397804	10.0	-4.0	-87.20912	41.88309	35	-87.30474853515625	41.68941116333008	0.0	10.0	-4.0
283	Cell_337	spot_40	0.9402268805850814	0	0.9402268805850814	0.9587129973427072	0	0.9587129973427072	ExcitatoryL5and6	-49.069187	-23.756048	10.0	-4.0	-87.297615	41.72068	35	-87.30474853515625	41.68941116333008	0.0	10.0	-4.0
284	Cell_414	spot_40	0.9402268805850814	0	0.9402268805850814	0.9587129973427072	0	0.9587129973427072	ExcitatoryL5and6	-49.324966	-23.662968	10.0	-4.0	-87.159775	41.725975	35	-87.30474853515625	41.68941116333008	0.0	10.0	-4.0
285	Cell_288	spot_40	0.9402268805850814	0	0.9402268805850814	0.9587129973427072	0	0.9587129973427072	ExcitatoryL5and6	-49.186	-23.539877	10.0	-4.0	-87.07582	41.742115	35	-87.30474853515625	41.68941116333008	0.0	10.0	-4.0
286	Cell_417	spot_40	0.9402268805850814	0	0.9402268805850814	0.9587129973427072	0	0.9587129973427072	ExcitatoryL5and6	-49.298183	-23.761702	10.0	-4.0	-87.396515	41.56586	35	-87.30474853515625	41.68941116333008	2.1284199625829445	9.80468265296976	-4.262967169754549
287	Cell_285	spot_40	0.9402268805850814	0	0.9402268805850814	0.9587129973427072	0	0.9587129973427072	ExcitatoryL5and6	-49.186333	-23.71354	10.0	-4.0	-87.48177	41.64041	35	-87.30474853515625	41.68941116333008	2.1284199625829445	9.623216793885712	-4.1042921234870064
288	Cell_89	spot_40	0.9402268805850814	0	0.9402268805850814	0.9587129973427072	0	0.9587129973427072	ExcitatoryL2and3	-49.2868	-23.818026	10.0	-4.0	-87.44316	41.590694	35	-87.30474853515625	41.68941116333008	2.1284199625829445	9.705400123892366	-4.210110671202551
289	Cell_374	spot_41	0.8458677645935565	0	0.8458677645935565	0.944829614787927	0	0.944829614787927	ExcitatoryL5and6	-49.463226	-23.43542	10.0	-3.0	-87.22122	41.413044	36	-87.217041015625	41.612091064453125	1.6829760869667292	9.992963631472337	-3.334991490332935
290	Cell_413	spot_41	0.8458677645935565	0	0.8458677645935565	0.944829614787927	0	0.944829614787927	ExcitatoryL5and6	-49.191334	-23.29019	10.0	-3.0	-87.14023	41.58539	36	-87.217041015625	41.612091064453125	1.6829760869667292	10.129274011562966	-3.0449403099394496
291	Cell_273	spot_41	0.8458677645935565	0	0.8458677645935565	0.944829614787927	0	0.944829614787927	ExcitatoryL5and6	-49.339554	-23.576328	10.0	-3.0	-87.07756	41.809166	36	-87.217041015625	41.612091064453125	0.0	10.0	-3.0
292	Cell_418	spot_41	0.8458677645935565	0	0.8458677645935565	0.944829614787927	0	0.944829614787927	ExcitatoryL5and6	-49.378155	-23.535103	10.0	-3.0	-87.22148	41.617756	36	-87.217041015625	41.612091064453125	1.6829760869667292	9.992527068461497	-2.9904662342485597
293	Cell_408	spot_41	0.8458677645935565	0	0.8458677645935565	0.944829614787927	0	0.944829614787927	ExcitatoryL5and6	-49.454124	-23.347256	10.0	-3.0	-87.10893	41.439487	36	-87.217041015625	41.612091064453125	1.6829760869667292	10.181944054812	-3.290487743404326
294	Cell_226	spot_41	0.8458677645935565	0	0.8458677645935565	0.944829614787927	0	0.944829614787927	Endo	-49.158745	-23.655912	10.0	-3.0	-87.51271	41.641136	36	-87.217041015625	41.612091064453125	1.6829760869667292	9.502395208173304	-2.951117782874433
295	Cell_442	spot_41	0.8458677645935565	0	0.8458677645935565	0.944829614787927	0	0.944829614787927	Endo	-49.0856	-23.742594	10.0	-3.0	-87.23718	41.77867	36	-87.217041015625	41.612091064453125	1.6829760869667292	9.966102166217102	-2.7196495065091586
296	Cell_366	spot_42	0.9332321359594368	0	0.9332321359594368	0.9449236287853452	0	0.9449236287853452	Olig	-51.23485	-23.607328	10.0	-2.0	-86.16722	40.128616	37	-86.29866027832031	40.32551574707031	1.151674897775865	10.151375237570821	-2.2267641125625572
297	Cell_284	spot_42	0.9332321359594368	0	0.9332321359594368	0.9449236287853452	0	0.9449236287853452	NSC	-50.663467	-23.533394	10.0	-2.0	-86.57044	40.340378	37	-86.29866027832031	40.32551574707031	1.151674897775865	9.686995583469622	-1.982883737938939
298	Cell_415	spot_42	0.9332321359594368	0	0.9332321359594368	0.9449236287853452	0	0.9449236287853452	ExcitatoryL5and6	-51.070946	-23.436857	10.0	-2.0	-86.13984	40.239876	37	-86.29866027832031	40.32551574707031	1.151674897775865	10.182910280967715	-2.0986293848231057
299	Cell_412	spot_42	0.9332321359594368	0	0.9332321359594368	0.9449236287853452	0	0.9449236287853452	ExcitatoryL5and6	-50.777264	-23.783886	10.0	-2.0	-86.73232	40.30494	37	-86.29866027832031	40.32551574707031	1.151674897775865	9.500561883052994	-2.023697412104046
300	Cell_227	spot_42	0.9332321359594368	0	0.9332321359594368	0.9449236287853452	0	0.9449236287853452	ExcitatoryL2and3	-50.78837	-23.587961	10.0	-2.0	-86.345985	40.528034	37	-86.29866027832031	40.32551574707031	1.151674897775865	9.945496830818911	-1.7667645696715435
301	Cell_228	spot_42	0.9332321359594368	0	0.9332321359594368	0.9449236287853452	0	0.9449236287853452	ExcitatoryL2and3	-51.074677	-23.577547	10.0	-2.0	-86.05524	40.33596	37	-86.29866027832031	40.32551574707031	0.0	10.0	-2.0
302	Cell_287	spot_42	0.9332321359594368	0	0.9332321359594368	0.9449236287853452	0	0.9449236287853452	Astro	-51.07083	-23.42726	10.0	-2.0	-86.24749	40.286907	37	-86.29866027832031	40.32551574707031	1.151674897775865	10.058931606593191	-2.044464499055441
303	Cell_282	spot_42	0.9332321359594368	0	0.9332321359594368	0.9449236287853452	0	0.9449236287853452	Astro	-50.982517	-23.407875	10.0	-2.0	-86.13077	40.439415	37	-86.29866027832031	40.32551574707031	0.0	10.0	-2.0
304	Cell_358	spot_43	0.9057769154681488	0	0.9057769154681488	0.9100980716810668	0	0.9100980716810668	Inhibitory	-51.14957	-23.82477	10.0	-1.0	-86.463486	40.048946	38	-86.5268783569336	39.89725875854492	0.0	10.0	-1.0
305	Cell_35	spot_43	0.9057769154681488	0	0.9057769154681488	0.9100980716810668	0	0.9100980716810668	Inhibitory	-51.22989	-24.080156	10.0	-1.0	-86.52972	39.96576	38	-86.5268783569336	39.89725875854492	2.4187041436923535	9.993135391682026	-0.8343175113361985
306	Cell_293	spot_43	0.9057769154681488	0	0.9057769154681488	0.9100980716810668	0	0.9100980716810668	Inhibitory	-51.143467	-24.005394	10.0	-1.0	-86.59919	39.880215	38	-86.5268783569336	39.89725875854492	2.4187041436923535	9.825100113876983	-1.0412245564041802
307	Cell_298	spot_43	0.9057769154681488	0	0.9057769154681488	0.9100980716810668	0	0.9100980716810668	ExcitatoryL5and6	-51.296417	-24.085192	10.0	-1.0	-86.63308	39.719902	38	-86.5268783569336	39.89725875854492	2.4187041436923535	9.743130785520954	-1.428973433504824
308	Cell_268	spot_43	0.9057769154681488	0	0.9057769154681488	0.9100980716810668	0	0.9100980716810668	ExcitatoryL5and6	-51.051216	-23.917295	10.0	-1.0	-86.412926	39.873676	38	-86.5268783569336	39.89725875854492	2.4187041436923535	10.27561771461631	-1.0570389900829549
309	Cell_480	spot_43	0.9057769154681488	0	0.9057769154681488	0.9100980716810668	0	0.9100980716810668	ExcitatoryL5and6	-51.14471	-23.874123	10.0	-1.0	-86.52287	39.89506	38	-86.5268783569336	39.89725875854492	2.4187041436923535	10.009687955287465	-1.0053145354719804
310	Cell_309	spot_44	0.8893770855988933	0	0.8893770855988933	0.8888047474171668	0	0.8888047474171668	Inhibitory	-49.25164	-24.303898	11.0	-4.0	-87.932915	41.264637	39	-88.02561950683594	41.09760284423828	0.0	11.0	-4.0
311	Cell_285	spot_44	0.8893770855988933	0	0.8893770855988933	0.8888047474171668	0	0.8888047474171668	ExcitatoryL5and6	-49.212166	-24.29944	11.0	-4.0	-88.14182	41.084312	39	-88.02561950683594	41.09760284423828	2.157238315962924	10.749321771313237	-4.028670571490535
312	Cell_230	spot_44	0.8893770855988933	0	0.8893770855988933	0.8888047474171668	0	0.8888047474171668	ExcitatoryL5and6	-49.41677	-24.42656	11.0	-4.0	-88.05225	40.98601	39	-88.02561950683594	41.09760284423828	2.157238315962924	10.942543648063458	-4.240729112460569
313	Cell_404	spot_44	0.8893770855988933	0	0.8893770855988933	0.8888047474171668	0	0.8888047474171668	ExcitatoryL5and6	-49.32674	-24.417795	11.0	-4.0	-88.05689	41.132393	39	-88.02561950683594	41.09760284423828	2.157238315962924	10.932536927359527	-3.924949594720528
314	Cell_402	spot_44	0.8893770855988933	0	0.8893770855988933	0.8888047474171668	0	0.8888047474171668	ExcitatoryL5and6	-49.227753	-24.470242	11.0	-4.0	-87.883644	41.280807	39	-88.02561950683594	41.09760284423828	0.0	11.0	-4.0
315	Cell_392	spot_44	0.8893770855988933	0	0.8893770855988933	0.8888047474171668	0	0.8888047474171668	ExcitatoryL2and3	-49.170986	-24.591606	11.0	-4.0	-88.15503	41.03651	39	-88.02561950683594	41.09760284423828	2.157238315962924	10.720832242467017	-4.131790815849862
316	Cell_177	spot_44	0.8893770855988933	0	0.8893770855988933	0.8888047474171668	0	0.8888047474171668	Endo	-49.367744	-24.697674	11.0	-4.0	-87.95678	40.898563	39	-88.02561950683594	41.09760284423828	2.157238315962924	11.148504343604534	-4.429375547836294
317	Cell_245	spot_45	0.8070238685459761	0	0.8070238685459761	0.8582556122245478	0	0.8582556122245478	Inhibitory	-49.323402	-24.419567	11.0	-3.0	-87.72207	40.98525	40	-87.93079376220703	41.05449676513672	2.273633417242345	11.47456407950528	-3.1574450203826916
318	Cell_378	spot_45	0.8070238685459761	0	0.8070238685459761	0.8582556122245478	0	0.8582556122245478	ExcitatoryL5and6	-49.24039	-24.53888	11.0	-3.0	-87.9254	40.89853	40	-87.93079376220703	41.05449676513672	2.273633417242345	11.01226393757622	-3.354613402928812
319	Cell_396	spot_45	0.8070238685459761	0	0.8070238685459761	0.8582556122245478	0	0.8582556122245478	ExcitatoryL5and6	-49.47214	-24.440584	11.0	-3.0	-88.03977	40.90899	40	-87.93079376220703	41.05449676513672	2.273633417242345	10.752223360199816	-3.3308314249698334
320	Cell_303	spot_45	0.8070238685459761	0	0.8070238685459761	0.8582556122245478	0	0.8582556122245478	ExcitatoryL5and6	-49.54898	-24.46581	11.0	-3.0	-87.75045	41.12255	40	-87.93079376220703	41.05449676513672	0.0	11.0	-3.0
321	Cell_405	spot_45	0.8070238685459761	0	0.8070238685459761	0.8582556122245478	0	0.8582556122245478	ExcitatoryL5and6	-49.405186	-24.147654	11.0	-3.0	-87.96384	41.040325	40	-87.93079376220703	41.05449676513672	2.273633417242345	10.924872540816676	-3.0322210241129124
322	Cell_205	spot_45	0.8070238685459761	0	0.8070238685459761	0.8582556122245478	0	0.8582556122245478	Endo	-49.208527	-24.279648	11.0	-3.0	-88.01979	41.16222	40	-87.93079376220703	41.05449676513672	2.273633417242345	10.797653703215547	-2.755076850625967
323	Cell_403	spot_45	0.8070238685459761	0	0.8070238685459761	0.8582556122245478	0	0.8582556122245478	Endo	-49.130867	-24.30624	11.0	-3.0	-88.05713	41.230118	40	-87.93079376220703	41.05449676513672	2.273633417242345	10.71276019473178	-2.60070215124892
324	Cell_357	spot_45	0.8070238685459761	0	0.8070238685459761	0.8582556122245478	0	0.8582556122245478	Astro	-49.308296	-24.495056	11.0	-3.0	-87.96791	41.08798	40	-87.93079376220703	41.05449676513672	2.273633417242345	10.915609538460663	-2.923875120151001
325	Cell_300	spot_46	0.9313231321351372	0	0.9313231321351372	0.9455662052571812	0	0.9455662052571812	ExcitatoryL5and6	-50.665493	-24.294859	11.0	-2.0	-87.13715	40.086	41	-86.8405990600586	40.04298400878906	1.1857336581474813	10.64836527029272	-1.9489962282971536
326	Cell_401	spot_46	0.9313231321351372	0	0.9313231321351372	0.9455662052571812	0	0.9455662052571812	ExcitatoryL5and6	-51.09031	-23.930592	11.0	-2.0	-86.665245	40.081875	41	-86.8405990600586	40.04298400878906	0.0	11.0	-2.0
327	Cell_382	spot_46	0.9313231321351372	0	0.9313231321351372	0.9455662052571812	0	0.9455662052571812	ExcitatoryL5and6	-51.048866	-24.033682	11.0	-2.0	-86.625145	39.98162	41	-86.8405990600586	40.04298400878906	1.1857336581474813	11.255471180008582	-2.0727604355810563
328	Cell_377	spot_46	0.9313231321351372	0	0.9313231321351372	0.9455662052571812	0	0.9455662052571812	ExcitatoryL5and6	-50.992867	-23.890171	11.0	-2.0	-86.75486	40.211044	41	-86.8405990600586	40.04298400878906	0.0	11.0	-2.0
329	Cell_385	spot_46	0.9313231321351372	0	0.9313231321351372	0.9455662052571812	0	0.9455662052571812	ExcitatoryL5and6	-50.980038	-23.9803	11.0	-2.0	-86.73235	40.013336	41	-86.8405990600586	40.04298400878906	1.1857336581474813	11.128350747236606	-2.035154426540841
330	Cell_387	spot_46	0.9313231321351372	0	0.9313231321351372	0.9455662052571812	0	0.9455662052571812	ExcitatoryL5and6	-50.92844	-24.106354	11.0	-2.0	-86.608894	40.0124	41	-86.8405990600586	40.04298400878906	1.1857336581474813	11.27474007566787	-2.036262614201997
331	Cell_391	spot_46	0.9313231321351372	0	0.9313231321351372	0.9455662052571812	0	0.9455662052571812	ExcitatoryL5and6	-50.659092	-24.441177	11.0	-2.0	-87.25604	39.97073	41	-86.8405990600586	40.04298400878906	1.1857336581474813	10.507394753363764	-2.0856742142447335
332	Cell_398	spot_46	0.9313231321351372	0	0.9313231321351372	0.9455662052571812	0	0.9455662052571812	Endo	-50.720516	-24.173521	11.0	-2.0	-86.94512	39.986855	41	-86.8405990600586	40.04298400878906	1.1857336581474813	10.876063910548245	-2.0665545846785816
333	Cell_388	spot_47	0.9386819862195788	0	0.9386819862195788	0.9749856550968872	0	0.9749856550968872	NSC	-51.145767	-25.070974	11.0	-1.0	-87.040436	39.568634	42	-87.30204010009766	39.27328872680664	0.0	11.0	-1.0
334	Cell_369	spot_47	0.9386819862195788	0	0.9386819862195788	0.9749856550968872	0	0.9749856550968872	ExcitatoryL5and6	-51.192963	-24.562777	11.0	-1.0	-87.00659	39.50305	42	-87.30204010009766	39.27328872680664	0.0	11.0	-1.0
335	Cell_332	spot_47	0.9386819862195788	0	0.9386819862195788	0.9749856550968872	0	0.9749856550968872	ExcitatoryL5and6	-51.145084	-24.750334	11.0	-1.0	-87.30832	39.280647	42	-87.30204010009766	39.27328872680664	1.0229952751244984	10.993576621159153	-0.9924722370692629
336	Cell_406	spot_47	0.9386819862195788	0	0.9386819862195788	0.9749856550968872	0	0.9749856550968872	ExcitatoryL5and6	-51.26583	-25.220098	11.0	-1.0	-87.68151	38.96525	42	-87.30204010009766	39.27328872680664	1.0229952751244984	10.611803138777601	-1.3151240976775298
337	Cell_399	spot_47	0.9386819862195788	0	0.9386819862195788	0.9749856550968872	0	0.9749856550968872	ExcitatoryL5and6	-51.14318	-24.670883	11.0	-1.0	-87.41417	39.17513	42	-87.30204010009766	39.27328872680664	1.0229952751244984	10.88529234650799	-1.1004170014171737
338	Cell_390	spot_47	0.9386819862195788	0	0.9386819862195788	0.9749856550968872	0	0.9749856550968872	ExcitatoryL5and6	-51.31948	-25.06273	11.0	-1.0	-87.421524	39.13676	42	-87.30204010009766	39.27328872680664	1.0229952751244984	10.877768485994531	-1.1396675144069892
339	Cell_375	spot_47	0.9386819862195788	0	0.9386819862195788	0.9749856550968872	0	0.9749856550968872	ExcitatoryL5and6	-51.109108	-24.834883	11.0	-1.0	-87.24169	39.28356	42	-87.30204010009766	39.27328872680664	0.0	11.0	-1.0
340	Cell_500	spot_48	0.8579104829375843	0	0.8579104829375843	0.893991526648476	0	0.893991526648476	ExcitatoryL5and6	-51.358624	-25.9603	11.0	0.0	-87.95242	38.315323	43	-88.01324462890625	38.4617919921875	3.107780003353128	11.18901994466195	-0.45519379046915703
341	Cell_482	spot_48	0.8579104829375843	0	0.8579104829375843	0.893991526648476	0	0.893991526648476	ExcitatoryL5and6	-51.495148	-25.809933	11.0	0.0	-87.98202	38.382534	43	-88.01324462890625	38.4617919921875	3.107780003353128	11.097046993665499	-0.24631631900660683
342	Cell_466	spot_48	0.8579104829375843	0	0.8579104829375843	0.893991526648476	0	0.893991526648476	ExcitatoryL5and6	-51.288902	-25.788458	11.0	0.0	-87.927666	38.5048	43	-88.01324462890625	38.4617919921875	0.0	11.0	0.0
343	Cell_519	spot_48	0.8579104829375843	0	0.8579104829375843	0.893991526648476	0	0.893991526648476	ExcitatoryL5and6	-51.296543	-25.856613	11.0	0.0	-88.09047	38.53905	43	-88.01324462890625	38.4617919921875	3.107780003353128	10.760002523849943	0.24010417330898629
344	Cell_522	spot_48	0.8579104829375843	0	0.8579104829375843	0.893991526648476	0	0.893991526648476	ExcitatoryL5and6	-51.482323	-25.896305	11.0	0.0	-88.07141	38.412018	43	-88.01324462890625	38.4617919921875	3.107780003353128	10.819231302295195	-0.15468716996670384
345	Cell_473	spot_48	0.8579104829375843	0	0.8579104829375843	0.893991526648476	0	0.893991526648476	ExcitatoryL5and6	-51.337486	-25.965693	11.0	0.0	-88.05551	38.617027	43	-88.01324462890625	38.4617919921875	3.107780003353128	10.868643942119016	0.48243713171559216
346	Cell_503	spot_49	0.8652349205686899	0	0.8652349205686899	0.8832503706946657	0	0.8832503706946657	ExcitatoryL5and6	-51.805603	-26.553774	11.0	1.0	-88.27107	37.606148	44	-88.32707214355469	37.66416931152344	6.200557596593516	11.34722971160123	0.64023406584096
347	Cell_365	spot_49	0.8652349205686899	0	0.8652349205686899	0.8832503706946657	0	0.8832503706946657	ExcitatoryL5and6	-51.87712	-26.71029	11.0	1.0	-88.30303	37.69339	44	-88.32707214355469	37.66416931152344	0.0	11.0	1.0
348	Cell_517	spot_49	0.8652349205686899	0	0.8652349205686899	0.8832503706946657	0	0.8832503706946657	ExcitatoryL5and6	-51.851845	-26.578846	11.0	1.0	-88.35341	37.684902	44	-88.32707214355469	37.66416931152344	6.200557596593516	10.836697961246943	1.1285554143428258
349	Cell_521	spot_49	0.8652349205686899	0	0.8652349205686899	0.8832503706946657	0	0.8832503706946657	ExcitatoryL5and6	-51.738476	-26.491697	11.0	1.0	-88.38076	37.67223	44	-88.32707214355469	37.66416931152344	6.200557596593516	10.66710415796487	1.0499793174804768
350	Cell_237	spot_50	0.8779338895732862	0	0.8779338895732862	0.8299850337938453	0	0.8299850337938453	ExcitatoryL5and6	-51.999092	-26.855267	11.0	2.0	-88.46362	37.307674	46	-88.45014190673828	37.277061462402344	11.436394153775002	10.845824367754208	2.350101711593797
351	Cell_298	spot_50	0.8779338895732862	0	0.8779338895732862	0.8299850337938453	0	0.8299850337938453	ExcitatoryL5and6	-51.97132	-26.844307	11.0	2.0	-88.428444	37.2629	46	-88.45014190673828	37.277061462402344	11.436394153775002	11.248146858011904	1.8380588718459594
352	Cell_463	spot_50	0.8779338895732862	0	0.8779338895732862	0.8299850337938453	0	0.8299850337938453	ExcitatoryL5and6	-52.009087	-26.966467	11.0	2.0	-88.43124	37.23764	46	-88.45014190673828	37.277061462402344	11.436394153775002	11.216212346748767	1.5491649735065045
353	Cell_443	spot_50	0.8779338895732862	0	0.8779338895732862	0.8299850337938453	0	0.8299850337938453	ExcitatoryL5and6	-52.02987	-26.897305	11.0	2.0	-88.47726	37.30003	46	-88.45014190673828	37.277061462402344	11.436394153775002	10.689903680248136	2.2626744430537387
354	Cell_270	spot_51	0.91809178352029	0	0.91809178352029	0.9480885872401243	0	0.9480885872401243	Olig	-49.217976	-25.00916	12.0	-4.0	-88.34076	40.456722	47	-88.46707153320312	40.62727355957031	2.355909518285826	12.297580245855256	-4.401803431141056
355	Cell_260	spot_51	0.91809178352029	0	0.91809178352029	0.9480885872401243	0	0.9480885872401243	Inhibitory	-49.30368	-25.204042	12.0	-4.0	-88.35235	40.755146	47	-88.46707153320312	40.62727355957031	0.0	12.0	-4.0
356	Cell_351	spot_51	0.91809178352029	0	0.91809178352029	0.9480885872401243	0	0.9480885872401243	ExcitatoryL5and6	-49.45497	-24.863703	12.0	-4.0	-88.474686	40.671143	47	-88.46707153320312	40.62727355957031	2.355909518285826	11.98206178513146	-3.896648561629154
357	Cell_345	spot_51	0.91809178352029	0	0.91809178352029	0.9480885872401243	0	0.9480885872401243	ExcitatoryL5and6	-49.31591	-25.036085	12.0	-4.0	-88.62117	40.70631	47	-88.46707153320312	40.62727355957031	2.355909518285826	11.636957851788809	-3.813796656382126
358	Cell_354	spot_51	0.91809178352029	0	0.91809178352029	0.9480885872401243	0	0.9480885872401243	ExcitatoryL5and6	-49.26775	-25.13095	12.0	-4.0	-88.48986	40.699104	47	-88.46707153320312	40.62727355957031	2.355909518285826	11.946311174536746	-3.830773253519737
359	Cell_348	spot_51	0.91809178352029	0	0.91809178352029	0.9480885872401243	0	0.9480885872401243	ExcitatoryL5and6	-49.386837	-24.96437	12.0	-4.0	-88.551865	40.64486	47	-88.46707153320312	40.62727355957031	2.355909518285826	11.80023515025155	-3.958569553835687
360	Cell_343	spot_51	0.91809178352029	0	0.91809178352029	0.9480885872401243	0	0.9480885872401243	ExcitatoryL5and6	-49.435856	-25.118881	12.0	-4.0	-88.54589	40.655727	47	-88.46707153320312	40.62727355957031	2.355909518285826	11.81430892003318	-3.93296535836451
361	Cell_337	spot_51	0.91809178352029	0	0.91809178352029	0.9480885872401243	0	0.9480885872401243	ExcitatoryL5and6	-49.320023	-25.043575	12.0	-4.0	-88.429405	40.579227	47	-88.46707153320312	40.62727355957031	2.355909518285826	12.088738443693368	-4.11319229272007
362	Cell_459	spot_51	0.91809178352029	0	0.91809178352029	0.9480885872401243	0	0.9480885872401243	Astro	-49.36446	-25.206917	12.0	-4.0	-88.397705	40.477203	47	-88.46707153320312	40.62727355957031	2.355909518285826	12.163421091768301	-4.353551790044267
363	Cell_303	spot_52	0.8658454260993875	0	0.8658454260993875	0.9264823850095136	0	0.9264823850095136	ExcitatoryL5and6	-49.25468	-25.616426	12.0	-3.0	-88.5106	40.30553	48	-88.62628936767578	40.28273010253906	0.0	12.0	-3.0
364	Cell_420	spot_52	0.8658454260993875	0	0.8658454260993875	0.9264823850095136	0	0.9264823850095136	ExcitatoryL5and6	-49.626034	-25.515774	12.0	-3.0	-88.52191	40.189117	48	-88.62628936767578	40.28273010253906	1.7947180485738643	12.187328625660241	-3.168008350036631
365	Cell_352	spot_52	0.8658454260993875	0	0.8658454260993875	0.9264823850095136	0	0.9264823850095136	ExcitatoryL5and6	-49.79265	-25.535213	12.0	-3.0	-88.58942	40.31462	48	-88.62628936767578	40.28273010253906	0.0	12.0	-3.0
366	Cell_338	spot_52	0.8658454260993875	0	0.8658454260993875	0.9264823850095136	0	0.9264823850095136	ExcitatoryL5and6	-49.72157	-25.526903	12.0	-3.0	-88.59714	40.43422	48	-88.62628936767578	40.28273010253906	0.0	12.0	-3.0
367	Cell_363	spot_52	0.8658454260993875	0	0.8658454260993875	0.9264823850095136	0	0.9264823850095136	ExcitatoryL5and6	-49.54555	-25.382517	12.0	-3.0	-88.44963	40.173046	48	-88.62628936767578	40.28273010253906	1.7947180485738643	12.31705243236334	-3.196851837351396
368	Cell_367	spot_52	0.8658454260993875	0	0.8658454260993875	0.9264823850095136	0	0.9264823850095136	ExcitatoryL4	-49.3205	-25.575832	12.0	-3.0	-88.78606	40.309704	48	-88.62628936767578	40.28273010253906	1.7947180485738643	11.713263010748403	-2.9515897700444573
369	Cell_252	spot_52	0.8658454260993875	0	0.8658454260993875	0.9264823850095136	0	0.9264823850095136	Endo	-49.446682	-25.507288	12.0	-3.0	-88.90158	40.239952	48	-88.62628936767578	40.28273010253906	1.7947180485738643	11.505929478861308	-3.076774475848035
370	Cell_192	spot_52	0.8658454260993875	0	0.8658454260993875	0.9264823850095136	0	0.9264823850095136	Astro	-49.63937	-25.331345	12.0	-3.0	-88.65396	40.29566	48	-88.62628936767578	40.28273010253906	1.7947180485738643	11.950336896040517	-2.9767978688559844
371	Cell_340	spot_53	0.8978245757136015	0	0.8978245757136015	0.9216633168573674	0	0.9216633168573674	Olig	-49.739037	-26.112656	12.0	-2.0	-89.13588	39.68472	49	-88.90847778320312	39.65542984008789	2.0211969994798458	11.540376298778563	-1.9408006646651983
372	Cell_373	spot_53	0.8978245757136015	0	0.8978245757136015	0.9216633168573674	0	0.9216633168573674	ExcitatoryL5and6	-49.819027	-26.04364	12.0	-2.0	-88.99994	39.74675	49	-88.90847778320312	39.65542984008789	2.0211969994798458	11.815138934099087	-1.8154242135217742
373	Cell_350	spot_53	0.8978245757136015	0	0.8978245757136015	0.9216633168573674	0	0.9216633168573674	ExcitatoryL5and6	-49.706352	-26.037037	12.0	-2.0	-88.92405	39.707886	49	-88.90847778320312	39.65542984008789	2.0211969994798458	11.968526740448468	-1.893976288071261
374	Cell_355	spot_53	0.8978245757136015	0	0.8978245757136015	0.9216633168573674	0	0.9216633168573674	ExcitatoryL5and6	-49.964493	-25.969637	12.0	-2.0	-88.682915	39.553856	49	-88.90847778320312	39.65542984008789	2.0211969994798458	12.455907358471844	-2.2053009510236734
375	Cell_285	spot_53	0.8978245757136015	0	0.8978245757136015	0.9216633168573674	0	0.9216633168573674	ExcitatoryL5and6	-49.92019	-25.892586	12.0	-2.0	-88.92095	39.621025	49	-88.90847778320312	39.65542984008789	2.0211969994798458	11.974787467238238	-2.0695387868435238
376	Cell_359	spot_53	0.8978245757136015	0	0.8978245757136015	0.9216633168573674	0	0.9216633168573674	ExcitatoryL5and6	-50.06682	-25.859694	12.0	-2.0	-88.66812	39.630642	49	-88.90847778320312	39.65542984008789	2.0211969994798458	12.485807726071267	-2.0501012348274994
377	Cell_356	spot_53	0.8978245757136015	0	0.8978245757136015	0.9216633168573674	0	0.9216633168573674	ExcitatoryL4	-49.757698	-26.033264	12.0	-2.0	-88.85204	39.650307	49	-88.90847778320312	39.65542984008789	2.0211969994798458	12.114065507546634	-2.0103548720180564
378	Cell_349	spot_53	0.8978245757136015	0	0.8978245757136015	0.9216633168573674	0	0.9216633168573674	Endo	-49.695457	-26.250319	12.0	-2.0	-89.08394	39.648254	49	-88.90847778320312	39.65542984008789	2.0211969994798458	11.645359126327229	-2.014502989029013
379	Cell_344	spot_54	0.8029957373459425	0	0.8029957373459425	0.8788295200866821	0	0.8788295200866821	Micro	-50.394558	-26.201822	12.0	-1.0	-88.86938	39.083336	50	-88.62789916992188	39.000518798828125	1.3503963086225703	11.673909045683189	-0.8881641240684661
380	Cell_251	spot_54	0.8029957373459425	0	0.8029957373459425	0.8788295200866821	0	0.8788295200866821	ExcitatoryL5and6	-50.688442	-25.947159	12.0	-1.0	-88.42361	38.98913	50	-88.62789916992188	39.000518798828125	1.3503963086225703	12.2758755642394	-1.0153819403745536
381	Cell_471	spot_54	0.8029957373459425	0	0.8029957373459425	0.8788295200866821	0	0.8788295200866821	ExcitatoryL5and6	-50.765987	-26.030695	12.0	-1.0	-88.39321	38.790054	50	-88.62789916992188	39.000518798828125	1.3503963086225703	12.316921545788109	-1.284210453564928
382	Cell_286	spot_54	0.8029957373459425	0	0.8029957373459425	0.8788295200866821	0	0.8788295200866821	ExcitatoryL5and6	-50.504803	-26.119598	12.0	-1.0	-88.77325	38.980503	50	-88.62789916992188	39.000518798828125	1.3503963086225703	11.803723143954707	-1.0270291497472481
383	Cell_336	spot_54	0.8029957373459425	0	0.8029957373459425	0.8788295200866821	0	0.8788295200866821	ExcitatoryL5and6	-50.554726	-26.274546	12.0	-1.0	-88.39817	38.998333	50	-88.62789916992188	39.000518798828125	1.3503963086225703	12.310224786750291	-1.0029517253297453
384	Cell_483	spot_54	0.8029957373459425	0	0.8029957373459425	0.8788295200866821	0	0.8788295200866821	Endo	-50.254166	-26.444414	12.0	-1.0	-88.96191	39.16031	50	-88.62789916992188	39.000518798828125	1.3503963086225703	11.548957824743749	-0.7842201210953437
385	Cell_379	spot_54	0.8029957373459425	0	0.8029957373459425	0.8788295200866821	0	0.8788295200866821	Endo	-50.433838	-26.143084	12.0	-1.0	-88.6636	39.097435	50	-88.62789916992188	39.000518798828125	1.3503963086225703	11.951793637633934	-0.8691247229886436
386	Cell_275	spot_54	0.8029957373459425	0	0.8029957373459425	0.8788295200866821	0	0.8788295200866821	Astro	-50.801956	-26.059631	12.0	-1.0	-88.54007	38.905045	50	-88.62789916992188	39.000518798828125	1.3503963086225703	12.118604753912834	-1.1289280655372838
387	Cell_241	spot_55	0.8906560685697431	0	0.8906560685697431	0.9372137579255412	0	0.9372137579255412	ExcitatoryL5and6	-51.39386	-26.0325	12.0	0.0	-88.11658	38.461697	51	-88.28158569335938	38.265045166015625	0.0	12.0	0.0
388	Cell_449	spot_55	0.8906560685697431	0	0.8906560685697431	0.9372137579255412	0	0.9372137579255412	ExcitatoryL5and6	-51.569874	-26.172928	12.0	0.0	-88.32234	38.21909	51	-88.28158569335938	38.265045166015625	1.4513613837936405	11.940847988035388	-0.06669826732849879
389	Cell_298	spot_55	0.8906560685697431	0	0.8906560685697431	0.9372137579255412	0	0.9372137579255412	ExcitatoryL5and6	-51.402596	-26.221561	12.0	0.0	-88.23439	38.14292	51	-88.28158569335938	38.265045166015625	1.4513613837936405	12.06849763122671	-0.1772456487303528
390	Cell_457	spot_55	0.8906560685697431	0	0.8906560685697431	0.9372137579255412	0	0.9372137579255412	ExcitatoryL5and6	-51.530083	-26.029627	12.0	0.0	-88.179634	38.350956	51	-88.28158569335938	38.265045166015625	0.0	12.0	0.0
391	Cell_484	spot_55	0.8906560685697431	0	0.8906560685697431	0.9372137579255412	0	0.9372137579255412	ExcitatoryL5and6	-51.35839	-26.141426	12.0	0.0	-88.16081	38.271816	51	-88.28158569335938	38.265045166015625	0.0	12.0	0.0
392	Cell_477	spot_55	0.8906560685697431	0	0.8906560685697431	0.9372137579255412	0	0.9372137579255412	ExcitatoryL5and6	-51.358513	-26.127436	12.0	0.0	-88.2782	38.390663	51	-88.28158569335938	38.265045166015625	0.0	12.0	0.0
393	Cell_475	spot_55	0.8906560685697431	0	0.8906560685697431	0.9372137579255412	0	0.9372137579255412	ExcitatoryL5and6	-51.226246	-26.460934	12.0	0.0	-88.60165	38.137592	51	-88.28158569335938	38.265045166015625	1.4513613837936405	11.535476216037544	-0.1849801452405141
394	Cell_257	spot_55	0.8906560685697431	0	0.8906560685697431	0.9372137579255412	0	0.9372137579255412	ExcitatoryL2and3	-51.367966	-26.311491	12.0	0.0	-88.50662	38.23368	51	-88.28158569335938	38.265045166015625	1.4513613837936405	11.67339053820513	-0.04552113837261701
395	Cell_478	spot_55	0.8906560685697431	0	0.8906560685697431	0.9372137579255412	0	0.9372137579255412	ExcitatoryL2and3	-51.35912	-26.2198	12.0	0.0	-88.13411	38.176983	51	-88.28158569335938	38.265045166015625	1.4513613837936405	12.214041256322716	-0.12781020181608654
396	Cell_506	spot_56	0.7450041255099502	0	0.7450041255099502	0.8863945492863362	0	0.8863945492863362	OPC	-51.737206	-27.27621	12.0	1.0	-88.70463	37.11925	52	-88.68244934082031	37.37294387817383	1.9634002777532147	11.956454432621547	0.5018998257762917
397	Cell_472	spot_56	0.7450041255099502	0	0.7450041255099502	0.8863945492863362	0	0.8863945492863362	Micro	-51.878403	-27.272116	12.0	1.0	-88.66581	37.359837	52	-88.68244934082031	37.37294387817383	1.9634002777532147	12.032670410200346	0.9742651239228819
398	Cell_235	spot_56	0.7450041255099502	0	0.7450041255099502	0.8863945492863362	0	0.8863945492863362	ExcitatoryL5and6	-51.834938	-26.878744	12.0	1.0	-88.559135	37.50209	52	-88.68244934082031	37.37294387817383	0.0	12.0	1.0
399	Cell_507	spot_56	0.7450041255099502	0	0.7450041255099502	0.8863945492863362	0	0.8863945492863362	ExcitatoryL5and6	-51.935776	-27.095222	12.0	1.0	-88.66238	37.376286	52	-88.68244934082031	37.37294387817383	0.0	12.0	1.0
400	Cell_510	spot_56	0.7450041255099502	0	0.7450041255099502	0.8863945492863362	0	0.8863945492863362	ExcitatoryL5and6	-51.775806	-27.004744	12.0	1.0	-88.70818	37.367626	52	-88.68244934082031	37.37294387817383	1.9634002777532147	11.949473959832293	0.9895592499268037
401	Cell_250	spot_56	0.7450041255099502	0	0.7450041255099502	0.8863945492863362	0	0.8863945492863362	ExcitatoryL5and6	-51.85209	-26.934467	12.0	1.0	-88.62167	37.409065	52	-88.68244934082031	37.37294387817383	0.0	12.0	1.0
402	Cell_215	spot_56	0.7450041255099502	0	0.7450041255099502	0.8863945492863362	0	0.8863945492863362	ExcitatoryL4	-51.59365	-27.019596	12.0	1.0	-88.85533	37.476433	52	-88.68244934082031	37.37294387817383	1.9634002777532147	11.660563275956056	1.2031901784331014
403	Cell_451	spot_57	0.9196182728022008	0	0.9196182728022008	0.9109233037045652	0	0.9109233037045652	ExcitatoryL5and6	-51.88964	-27.260643	12.0	2.0	-88.78414	37.218548	53	-88.89774322509766	37.166648864746094	0.0	12.0	2.0
404	Cell_440	spot_57	0.9196182728022008	0	0.9196182728022008	0.9109233037045652	0	0.9109233037045652	ExcitatoryL5and6	-51.872406	-27.290596	12.0	2.0	-88.89887	37.17702	53	-88.89774322509766	37.166648864746094	4.003352125604914	11.995479613383564	2.041523416250304
405	Cell_280	spot_57	0.9196182728022008	0	0.9196182728022008	0.9109233037045652	0	0.9109233037045652	ExcitatoryL5and6	-51.792667	-27.372124	12.0	2.0	-88.849464	37.126907	53	-88.89774322509766	37.166648864746094	4.003352125604914	12.193277071005461	1.8409007169931335
406	Cell_516	spot_57	0.9196182728022008	0	0.9196182728022008	0.9109233037045652	0	0.9109233037045652	ExcitatoryL5and6	-51.921364	-27.385923	12.0	2.0	-88.91214	37.078495	53	-88.89774322509766	37.166648864746094	4.003352125604914	11.942365070640438	1.647089140813431
407	Cell_470	spot_57	0.9196182728022008	0	0.9196182728022008	0.9109233037045652	0	0.9109233037045652	ExcitatoryL5and6	-51.77858	-27.228132	12.0	2.0	-88.94581	37.163616	53	-88.89774322509766	37.166648864746094	4.003352125604914	11.807578137273323	1.987859096756531
408	Cell_290	spot_57	0.9196182728022008	0	0.9196182728022008	0.9109233037045652	0	0.9109233037045652	Astro	-51.93563	-27.28066	12.0	2.0	-88.98381	37.256516	53	-88.89774322509766	37.166648864746094	4.003352125604914	11.655442693107993	2.359767796993258
409	Cell_515	spot_57	0.9196182728022008	0	0.9196182728022008	0.9109233037045652	0	0.9109233037045652	Astro	-51.81972	-27.343391	12.0	2.0	-88.98897	37.10227	53	-88.89774322509766	37.166648864746094	4.003352125604914	11.634795521805893	1.7422616049811015
410	Cell_504	spot_57	0.9196182728022008	0	0.9196182728022008	0.9109233037045652	0	0.9109233037045652	Astro	-51.92191	-27.301088	12.0	2.0	-88.81875	37.209824	53	-88.89774322509766	37.166648864746094	0.0	12.0	2.0
411	Cell_433	spot_58	0.827479345591579	0	0.827479345591579	0.9449200804840971	0	0.9449200804840971	Olig	-49.37959	-25.390432	13.0	-4.0	-88.690475	40.381092	54	-88.68316650390625	40.38983154296875	5.5512392389220855	12.959426214669133	-4.048514896760446
412	Cell_331	spot_58	0.827479345591579	0	0.827479345591579	0.9449200804840971	0	0.9449200804840971	Olig	-49.428482	-25.441751	13.0	-4.0	-88.74882	40.445427	54	-88.68316650390625	40.38983154296875	5.5512392389220855	12.635555926125148	-3.6913766454008083
413	Cell_383	spot_58	0.827479345591579	0	0.827479345591579	0.9449200804840971	0	0.9449200804840971	ExcitatoryL5and6	-49.355278	-25.517677	13.0	-4.0	-88.59321	40.394318	54	-88.68316650390625	40.38983154296875	0.0	13.0	-4.0
414	Cell_317	spot_58	0.827479345591579	0	0.827479345591579	0.9449200804840971	0	0.9449200804840971	ExcitatoryL5and6	-49.43749	-25.369463	13.0	-4.0	-88.6359	40.399345	54	-88.68316650390625	40.38983154296875	0.0	13.0	-4.0
415	Cell_419	spot_58	0.827479345591579	0	0.827479345591579	0.9449200804840971	0	0.9449200804840971	ExcitatoryL5and6	-49.523277	-25.380577	13.0	-4.0	-88.74655	40.383842	54	-88.68316650390625	40.38983154296875	5.5512392389220855	12.648134646629602	-4.033246786518507
416	Cell_454	spot_58	0.827479345591579	0	0.827479345591579	0.9449200804840971	0	0.9449200804840971	ExcitatoryL5and6	-49.391914	-25.413864	13.0	-4.0	-88.684074	40.334972	54	-88.68316650390625	40.38983154296875	5.5512392389220855	12.99496004127936	-4.3045363292501015
417	Cell_330	spot_59	0.8266809412988398	0	0.8266809412988398	0.8949512088988357	0	0.8949512088988357	Micro	-49.50087	-25.815592	13.0	-3.0	-88.89694	40.023823	55	-88.82759857177734	40.00876998901367	3.667653298832824	12.745671838126437	-2.944791565257285
418	Cell_61	spot_59	0.8266809412988398	0	0.8266809412988398	0.8949512088988357	0	0.8949512088988357	Inhibitory	-49.752525	-25.679808	13.0	-3.0	-88.788216	40.00526	55	-88.82759857177734	40.00876998901367	3.667653298832824	13.144442949894524	-3.0128717080494924
419	Cell_326	spot_59	0.8266809412988398	0	0.8266809412988398	0.8949512088988357	0	0.8949512088988357	ExcitatoryL5and6	-49.450134	-25.690895	13.0	-3.0	-88.83712	40.02146	55	-88.82759857177734	40.00876998901367	3.667653298832824	12.965078496422246	-2.9534519862166717
420	Cell_328	spot_59	0.8266809412988398	0	0.8266809412988398	0.8949512088988357	0	0.8949512088988357	ExcitatoryL5and6	-49.59947	-25.797134	13.0	-3.0	-88.70966	39.96779	55	-88.82759857177734	40.00876998901367	3.667653298832824	13.432545354410994	-3.150305173451847
421	Cell_334	spot_59	0.8266809412988398	0	0.8266809412988398	0.8949512088988357	0	0.8949512088988357	ExcitatoryL5and6	-49.500942	-25.792313	13.0	-3.0	-88.74042	39.98952	55	-88.82759857177734	40.00876998901367	3.667653298832824	13.31975001713381	-3.070598520454065
422	Cell_322	spot_59	0.8266809412988398	0	0.8266809412988398	0.8949512088988357	0	0.8949512088988357	ExcitatoryL5and6	-49.60871	-25.813845	13.0	-3.0	-88.94752	39.943928	55	-88.82759857177734	40.00876998901367	3.667653298832824	12.56017933234364	-3.237818797201387
423	Cell_319	spot_59	0.8266809412988398	0	0.8266809412988398	0.8949512088988357	0	0.8949512088988357	ExcitatoryL5and6	-49.64369	-25.746933	13.0	-3.0	-88.91385	40.112026	55	-88.82759857177734	40.00876998901367	3.667653298832824	12.683663783696709	-2.62129196360471
424	Cell_327	spot_59	0.8266809412988398	0	0.8266809412988398	0.8949512088988357	0	0.8949512088988357	Endo	-49.55846	-25.733099	13.0	-3.0	-88.787056	40.006363	55	-88.82759857177734	40.00876998901367	3.667653298832824	13.14869620994566	-3.008828312803511
425	Cell_333	spot_60	0.8892041248559882	0	0.8892041248559882	0.9326245986155396	0	0.9326245986155396	Micro	-49.94237	-26.265732	13.0	-2.0	-89.10687	39.267506	57	-89.0983657836914	39.312862396240234	2.5488727768027846	12.978317313033028	-2.1156085865638166
426	Cell_514	spot_60	0.8892041248559882	0	0.8892041248559882	0.9326245986155396	0	0.9326245986155396	ExcitatoryL5and6	-49.95445	-26.4011	13.0	-2.0	-89.12926	39.33545	57	-89.0983657836914	39.312862396240234	2.5488727768027846	12.92126170445805	-1.942429062990382
427	Cell_321	spot_60	0.8892041248559882	0	0.8892041248559882	0.9326245986155396	0	0.9326245986155396	ExcitatoryL5and6	-50.06613	-26.332293	13.0	-2.0	-89.0005	39.45872	57	-89.0983657836914	39.312862396240234	0.0	13.0	-2.0
428	Cell_324	spot_60	0.8892041248559882	0	0.8892041248559882	0.9326245986155396	0	0.9326245986155396	ExcitatoryL5and6	-50.031723	-26.394417	13.0	-2.0	-89.06058	39.32434	57	-89.0983657836914	39.312862396240234	0.0	13.0	-2.0
429	Cell_316	spot_60	0.8892041248559882	0	0.8892041248559882	0.9326245986155396	0	0.9326245986155396	ExcitatoryL5and6	-50.05546	-26.335548	13.0	-2.0	-88.90872	39.36302	57	-89.0983657836914	39.312862396240234	0.0	13.0	-2.0
430	Cell_320	spot_60	0.8892041248559882	0	0.8892041248559882	0.9326245986155396	0	0.9326245986155396	ExcitatoryL5and6	-50.064445	-26.287676	13.0	-2.0	-89.24076	39.32873	57	-89.0983657836914	39.312862396240234	2.5488727768027846	12.637053211164496	-1.9595515794696823
431	Cell_86	spot_60	0.8892041248559882	0	0.8892041248559882	0.9326245986155396	0	0.9326245986155396	Endo	-49.968746	-26.52124	13.0	-2.0	-89.20295	39.22009	57	-89.0983657836914	39.312862396240234	2.5488727768027846	12.733429351620387	-2.2364676892541646
432	Cell_325	spot_60	0.8892041248559882	0	0.8892041248559882	0.9326245986155396	0	0.9326245986155396	Astro	-50.125973	-26.415974	13.0	-2.0	-89.160934	39.28725	57	-89.0983657836914	39.312862396240234	2.5488727768027846	12.840520434245608	-2.06528141717321
433	Cell_346	spot_60	0.8892041248559882	0	0.8892041248559882	0.9326245986155396	0	0.9326245986155396	Astro	-49.967796	-26.438686	13.0	-2.0	-89.074715	39.230667	57	-89.0983657836914	39.312862396240234	2.5488727768027846	13.060283703674992	-2.2095053166266236
434	Cell_447	spot_61	0.8842147681099719	0	0.8842147681099719	0.9060044190103688	0	0.9060044190103688	OPC	-50.185024	-27.230238	13.0	-1.0	-89.58303	38.612686	58	-89.50218963623047	38.580684661865234	1.8487525755479999	12.850544873882244	-0.9408371530293572
435	Cell_495	spot_61	0.8842147681099719	0	0.8842147681099719	0.9060044190103688	0	0.9060044190103688	Inhibitory	-50.446472	-27.266874	13.0	-1.0	-89.49548	38.43897	58	-89.50218963623047	38.580684661865234	1.8487525755479999	13.012398174391988	-1.2619978263153389
436	Cell_438	spot_61	0.8842147681099719	0	0.8842147681099719	0.9060044190103688	0	0.9060044190103688	ExcitatoryL5and6	-50.471313	-27.127216	13.0	-1.0	-89.47693	38.71388	58	-89.50218963623047	38.580684661865234	0.0	13.0	-1.0
437	Cell_272	spot_61	0.8842147681099719	0	0.8842147681099719	0.9060044190103688	0	0.9060044190103688	ExcitatoryL5and6	-50.402332	-26.894909	13.0	-1.0	-89.326805	38.559875	58	-89.50218963623047	38.580684661865234	1.8487525755479999	13.324242585805491	-1.0384710132584165
438	Cell_498	spot_61	0.8842147681099719	0	0.8842147681099719	0.9060044190103688	0	0.9060044190103688	ExcitatoryL5and6	-50.36645	-27.013643	13.0	-1.0	-89.46346	38.51587	58	-89.50218963623047	38.580684661865234	1.8487525755479999	13.071596283519606	-1.1198278618283695
439	Cell_326	spot_61	0.8842147681099719	0	0.8842147681099719	0.9060044190103688	0	0.9060044190103688	ExcitatoryL5and6	-50.282307	-27.113941	13.0	-1.0	-89.334694	38.66591	58	-89.50218963623047	38.580684661865234	0.0	13.0	-1.0
440	Cell_455	spot_61	0.8842147681099719	0	0.8842147681099719	0.9060044190103688	0	0.9060044190103688	Endo	-50.35212	-27.007193	13.0	-1.0	-89.76195	38.505383	58	-89.50218963623047	38.580684661865234	1.8487525755479999	12.519771736605204	-1.139214995732565
441	Cell_99	spot_61	0.8842147681099719	0	0.8842147681099719	0.9060044190103688	0	0.9060044190103688	Astro	-50.24207	-27.175413	13.0	-1.0	-89.57515	38.632915	58	-89.50218963623047	38.580684661865234	1.8487525755479999	12.865115197143817	-0.9034381093429443
442	Cell_452	spot_62	0.9254728299717664	0	0.9254728299717664	0.912632327353339	0	0.912632327353339	Olig	-50.676357	-27.804935	13.0	0.0	-89.904396	37.91789	59	-89.64610290527344	37.947540283203125	1.5383535780058732	12.602653805668725	-0.04561470932708608
443	Cell_440	spot_62	0.9254728299717664	0	0.9254728299717664	0.912632327353339	0	0.912632327353339	ExcitatoryL5and6	-50.968384	-27.21235	13.0	0.0	-89.32394	37.904545	59	-89.64610290527344	37.947540283203125	1.5383535780058732	13.495605900104172	-0.06614220877725295
444	Cell_380	spot_62	0.9254728299717664	0	0.9254728299717664	0.912632327353339	0	0.912632327353339	ExcitatoryL5and6	-50.604332	-27.551142	13.0	0.0	-89.56765	37.812725	59	-89.64610290527344	37.947540283203125	1.5383535780058732	13.12068855165584	-0.20739347000238634
445	Cell_271	spot_62	0.9254728299717664	0	0.9254728299717664	0.912632327353339	0	0.912632327353339	ExcitatoryL5and6	-50.689667	-27.543161	13.0	0.0	-89.6291	37.94844	59	-89.64610290527344	37.947540283203125	0.0	13.0	0.0
446	Cell_300	spot_62	0.9254728299717664	0	0.9254728299717664	0.912632327353339	0	0.912632327353339	ExcitatoryL5and6	-50.84994	-27.407433	13.0	0.0	-89.58988	38.00517	59	-89.64610290527344	37.947540283203125	0.0	13.0	0.0
447	Cell_494	spot_62	0.9254728299717664	0	0.9254728299717664	0.912632327353339	0	0.912632327353339	ExcitatoryL5and6	-50.583267	-27.733023	13.0	0.0	-89.87136	38.00478	59	-89.64610290527344	37.947540283203125	1.5383535780058732	12.653473744273198	0.08805463957968951
448	Cell_453	spot_62	0.9254728299717664	0	0.9254728299717664	0.912632327353339	0	0.912632327353339	ExcitatoryL5and6	-50.897068	-27.330023	13.0	0.0	-89.47838	37.98807	59	-89.64610290527344	37.947540283203125	0.0	13.0	0.0
449	Cell_50	spot_62	0.9254728299717664	0	0.9254728299717664	0.912632327353339	0	0.912632327353339	Astro	-50.618534	-27.82481	13.0	0.0	-89.80415	37.99869	59	-89.64610290527344	37.947540283203125	1.5383535780058732	12.756862390732042	0.07868874789230634
450	Cell_450	spot_63	0.8617316082118548	0	0.8617316082118548	0.9176778643843893	0	0.9176778643843893	Micro	-51.53309	-27.838053	13.0	1.0	-89.29445	37.457672	60	-89.42059326171875	37.28669357299805	0.0	13.0	1.0
451	Cell_520	spot_63	0.8617316082118548	0	0.8617316082118548	0.9176778643843893	0	0.9176778643843893	ExcitatoryL5and6	-51.309177	-27.552113	13.0	1.0	-89.569984	37.154503	60	-89.42059326171875	37.28669357299805	1.9029457232367424	12.71571670374528	0.7484482645136916
452	Cell_464	spot_63	0.8617316082118548	0	0.8617316082118548	0.9176778643843893	0	0.9176778643843893	ExcitatoryL5and6	-51.33781	-27.798288	13.0	1.0	-89.46496	37.29617	60	-89.42059326171875	37.28669357299805	1.9029457232367424	12.915575947718645	1.0180317580281069
453	Cell_465	spot_63	0.8617316082118548	0	0.8617316082118548	0.9176778643843893	0	0.9176778643843893	ExcitatoryL5and6	-51.47628	-27.798344	13.0	1.0	-89.62911	37.23109	60	-89.42059326171875	37.28669357299805	1.9029457232367424	12.603199695115789	0.8941904569171953
454	Cell_497	spot_63	0.8617316082118548	0	0.8617316082118548	0.9176778643843893	0	0.9176778643843893	ExcitatoryL5and6	-51.331493	-27.444292	13.0	1.0	-89.401115	37.380596	60	-89.42059326171875	37.28669357299805	0.0	13.0	1.0
455	Cell_456	spot_63	0.8617316082118548	0	0.8617316082118548	0.9176778643843893	0	0.9176778643843893	ExcitatoryL5and6	-51.404484	-27.908735	13.0	1.0	-89.39344	37.37415	60	-89.42059326171875	37.28669357299805	0.0	13.0	1.0
456	Cell_461	spot_63	0.8617316082118548	0	0.8617316082118548	0.9176778643843893	0	0.9176778643843893	Endo	-51.38232	-27.56396	13.0	1.0	-89.36855	37.02915	60	-89.42059326171875	37.28669357299805	1.9029457232367424	13.099029485917647	0.5099049470573218
457	Cell_360	spot_63	0.8617316082118548	0	0.8617316082118548	0.9176778643843893	0	0.9176778643843893	Endo	-51.45231	-27.61837	13.0	1.0	-89.24312	37.370224	60	-89.42059326171875	37.28669357299805	0.0	13.0	1.0
458	Cell_470	spot_64	0.9720799491804364	0	0.9720799491804364	0.9591808721139152	0	0.9591808721139152	ExcitatoryL5and6	-51.630966	-27.665226	13.0	2.0	-89.17738	37.13589	61	-89.25676727294922	37.15676498413086	3.3984243544568518	13.269780009522426	1.9290612103744968
459	Cell_488	spot_64	0.9720799491804364	0	0.9720799491804364	0.9591808721139152	0	0.9591808721139152	ExcitatoryL5and6	-51.663628	-27.633518	13.0	2.0	-89.243256	37.173695	61	-89.25676727294922	37.15676498413086	0.0	13.0	2.0
460	Cell_469	spot_64	0.9720799491804364	0	0.9720799491804364	0.9591808721139152	0	0.9591808721139152	ExcitatoryL5and6	-51.602425	-27.752403	13.0	2.0	-89.35381	37.160553	61	-89.25676727294922	37.15676498413086	3.3984243544568518	12.670196855249854	2.0128732123717334
461	Cell_513	spot_64	0.9720799491804364	0	0.9720799491804364	0.9591808721139152	0	0.9591808721139152	ExcitatoryL5and6	-51.70685	-27.673098	13.0	2.0	-89.280655	37.194386	61	-89.25676727294922	37.15676498413086	3.3984243544568518	12.918819681901518	2.127850574431051
462	Cell_462	spot_64	0.9720799491804364	0	0.9720799491804364	0.9591808721139152	0	0.9591808721139152	ExcitatoryL5and6	-51.708313	-27.613607	13.0	2.0	-89.33391	37.282047	61	-89.25676727294922	37.15676498413086	3.3984243544568518	12.737842799011892	2.4257623773539425
463	Cell_512	spot_64	0.9720799491804364	0	0.9720799491804364	0.9591808721139152	0	0.9591808721139152	ExcitatoryL5and6	-51.7328	-27.690409	13.0	2.0	-89.2152	37.085907	61	-89.25676727294922	37.15676498413086	3.3984243544568518	13.141255309166572	1.7591944412840423
464	Cell_496	spot_64	0.9720799491804364	0	0.9720799491804364	0.9591808721139152	0	0.9591808721139152	Astro	-51.60969	-27.628252	13.0	2.0	-89.19318	37.064888	61	-89.25676727294922	37.15676498413086	3.3984243544568518	13.216109214739975	1.6877630211750287
465	Cell_441	spot_65	0.755584902950915	0	0.755584902950915	0.8645507456486218	0	0.8645507456486218	ExcitatoryL5and6	-50.54522	-27.478811	14.0	-1.0	-89.68955	38.302242	62	-89.73773193359375	38.29116439819336	0.0	14.0	-1.0
466	Cell_434	spot_65	0.755584902950915	0	0.755584902950915	0.8645507456486218	0	0.8645507456486218	ExcitatoryL5and6	-50.475674	-27.42418	14.0	-1.0	-89.61985	38.298054	62	-89.73773193359375	38.29116439819336	0.0	14.0	-1.0
467	Cell_436	spot_65	0.755584902950915	0	0.755584902950915	0.8645507456486218	0	0.8645507456486218	ExcitatoryL5and6	-50.491383	-27.306181	14.0	-1.0	-89.888565	38.246624	62	-89.73773193359375	38.29116439819336	3.1792055308536358	13.520470479240597	-1.141603102791775
468	Cell_437	spot_65	0.755584902950915	0	0.755584902950915	0.8645507456486218	0	0.8645507456486218	Endo	-50.40499	-27.38712	14.0	-1.0	-89.81707	38.293526	62	-89.73773193359375	38.29116439819336	3.1792055308536358	13.74776795718882	-0.9924929495864929
469	Cell_197	spot_65	0.755584902950915	0	0.755584902950915	0.8645507456486218	0	0.8645507456486218	Endo	-50.38336	-27.365839	14.0	-1.0	-89.656296	38.273125	62	-89.73773193359375	38.29116439819336	3.1792055308536358	14.258902281466154	-1.057351924726131
470	Cell_458	spot_65	0.755584902950915	0	0.755584902950915	0.8645507456486218	0	0.8645507456486218	Astro	-50.490906	-27.41834	14.0	-1.0	-89.75504	38.33341	62	-89.73773193359375	38.29116439819336	3.1792055308536358	13.944964467243143	-0.8656977766087602
471	Cell_430	spot_66	0.8723203581504237	0	0.8723203581504237	0.9092745050825576	0	0.9092745050825576	Olig	-50.726433	-27.622456	14.0	0.0	-89.81764	37.676918	63	-89.80796813964844	37.79093933105469	2.5062160402157203	13.975754684913685	-0.2857620141679683
472	Cell_489	spot_66	0.8723203581504237	0	0.8723203581504237	0.9092745050825576	0	0.9092745050825576	Olig	-50.89906	-27.684607	14.0	0.0	-89.69497	37.90709	63	-89.80796813964844	37.79093933105469	0.0	14.0	0.0
473	Cell_425	spot_66	0.8723203581504237	0	0.8723203581504237	0.9092745050825576	0	0.9092745050825576	Olig	-50.861362	-27.740175	14.0	0.0	-89.8465	37.908623	63	-89.80796813964844	37.79093933105469	2.5062160402157203	13.903439399695667	0.29494005142461766
474	Cell_249	spot_66	0.8723203581504237	0	0.8723203581504237	0.9092745050825576	0	0.9092745050825576	ExcitatoryL5and6	-50.784637	-27.684284	14.0	0.0	-89.7509	37.853046	63	-89.80796813964844	37.79093933105469	0.0	14.0	0.0
475	Cell_259	spot_66	0.8723203581504237	0	0.8723203581504237	0.9092745050825576	0	0.9092745050825576	ExcitatoryL5and6	-50.7928	-27.876684	14.0	0.0	-89.76003	37.696106	63	-89.80796813964844	37.79093933105469	2.5062160402157203	14.12013668350735	-0.23767292312531588
476	Cell_439	spot_66	0.8723203581504237	0	0.8723203581504237	0.9092745050825576	0	0.9092745050825576	ExcitatoryL5and6	-50.787075	-27.714167	14.0	0.0	-89.710434	37.875237	63	-89.80796813964844	37.79093933105469	0.0	14.0	0.0
477	Cell_445	spot_66	0.8723203581504237	0	0.8723203581504237	0.9092745050825576	0	0.9092745050825576	ExcitatoryL5and6	-50.88512	-27.634733	14.0	0.0	-89.89086	37.695583	63	-89.80796813964844	37.79093933105469	2.5062160402157203	13.79225130251355	-0.23898270552548356
478	Cell_256	spot_66	0.8723203581504237	0	0.8723203581504237	0.9092745050825576	0	0.9092745050825576	Astro	-50.787334	-27.851416	14.0	0.0	-89.99242	37.71491	63	-89.80796813964844	37.79093933105469	2.5062160402157203	13.537732856840094	-0.1905494380857068
479	Cell_428	spot_67	0.8660040142304021	0	0.8660040142304021	0.8927903176040712	0	0.8927903176040712	Olig	-51.14131	-27.933899	14.0	1.0	-89.75433	37.425095	64	-89.73993682861328	37.45995330810547	3.0597823010185516	13.955949331649613	0.8933399556476306
480	Cell_427	spot_67	0.8660040142304021	0	0.8660040142304021	0.8927903176040712	0	0.8927903176040712	OPC	-51.07303	-27.859205	14.0	1.0	-89.82851	37.46943	64	-89.73993682861328	37.45995330810547	3.0597823010185516	13.728996179714017	1.0289936036519245
481	Cell_485	spot_67	0.8660040142304021	0	0.8660040142304021	0.8927903176040712	0	0.8927903176040712	OPC	-51.122246	-27.860542	14.0	1.0	-89.66192	37.39212	64	-89.73993682861328	37.45995330810547	3.0597823010185516	14.238718672258116	0.7924459500247502
482	Cell_492	spot_67	0.8660040142304021	0	0.8660040142304021	0.8927903176040712	0	0.8927903176040712	ExcitatoryL5and6	-51.233612	-27.990004	14.0	1.0	-89.76904	37.511257	64	-89.73993682861328	37.45995330810547	3.0597823010185516	13.910941547558702	1.1569786535888615
483	Cell_247	spot_67	0.8660040142304021	0	0.8660040142304021	0.8927903176040712	0	0.8927903176040712	ExcitatoryL5and6	-51.0998	-27.844145	14.0	1.0	-89.711655	37.357193	64	-89.73993682861328	37.45995330810547	3.0597823010185516	14.086537269515043	0.685575807095193
484	Cell_491	spot_67	0.8660040142304021	0	0.8660040142304021	0.8927903176040712	0	0.8927903176040712	ExcitatoryL5and6	-51.12217	-27.92092	14.0	1.0	-89.81256	37.501377	64	-89.73993682861328	37.45995330810547	3.0597823010185516	13.777785738194309	1.126747802760164
485	Cell_444	spot_67	0.8660040142304021	0	0.8660040142304021	0.8927903176040712	0	0.8927903176040712	ExcitatoryL5and6	-51.23599	-27.742308	14.0	1.0	-89.809296	37.40773	64	-89.73993682861328	37.45995330810547	3.0597823010185516	13.78777709275391	0.8402083599054566
486	Cell_432	spot_67	0.8660040142304021	0	0.8660040142304021	0.8927903176040712	0	0.8927903176040712	Endo	-51.055405	-27.843124	14.0	1.0	-89.61771	37.56841	64	-89.73993682861328	37.45995330810547	0.0	14.0	1.0
487	Cell_339	spot_67	0.8660040142304021	0	0.8660040142304021	0.8927903176040712	0	0.8927903176040712	Astro	-51.085266	-27.798862	14.0	1.0	-89.69442	37.50698	64	-89.73993682861328	37.45995330810547	0.0	14.0	1.0
488	Cell_490	spot_68	0.8601971618861527	0	0.8601971618861527	0.9578470695308248	0	0.9578470695308248	Astro	-51.38859	-27.90178	14.0	2.0	-89.58108	37.23943	65	-89.5633544921875	37.1849250793457	7.021892265845411	13.875550417071846	2.382723986413571
489	Cell_511	spot_68	0.8601971618861527	0	0.8601971618861527	0.9578470695308248	0	0.9578470695308248	Astro	-51.336834	-27.905788	14.0	2.0	-89.60829	37.16421	65	-89.5633544921875	37.1849250793457	7.021892265845411	13.684456287797321	1.8545498847826363
490	Cell_511	spot_68	0.8601971618861527	0	0.8601971618861527	0.9578470695308248	0	0.9578470695308248	Astro	-51.462883	-27.868238	14.0	2.0	-89.50068	37.15113	65	-89.5633544921875	37.1849250793457	7.021892265845411	14.440100440703736	1.7626993424105664
491	Cell_487	spot_69	0.9226993225993836	0	0.9226993225993836	0.912659140786778	0	0.912659140786778	Olig	-50.82583	-27.982931	15.0	0.0	-89.99752	37.58116	66	-89.98513793945312	37.648372650146484	7.316116792960592	14.909408130226325	-0.4917246314055354
492	Cell_422	spot_69	0.9226993225993836	0	0.9226993225993836	0.912659140786778	0	0.912659140786778	Olig	-50.947468	-27.927418	15.0	0.0	-89.95427	37.653545	66	-89.98513793945312	37.648372650146484	0.0	15.0	0.0
493	Cell_423	spot_69	0.9226993225993836	0	0.9226993225993836	0.912659140786778	0	0.912659140786778	Astro	-50.8362	-27.9474	15.0	0.0	-90.004875	37.647846	66	-89.98513793945312	37.648372650146484	7.316116792960592	14.855600020268334	-0.0038514103600637882
494	Cell_426	spot_69	0.9226993225993836	0	0.9226993225993836	0.912659140786778	0	0.912659140786778	Astro	-50.940304	-27.938316	15.0	0.0	-89.98389	37.710938	66	-89.98513793945312	37.648372650146484	0.0	15.0	0.0
495	Cell_430	spot_70	0.8213327564532018	0	0.8213327564532018	0.9509832490697868	0	0.9509832490697868	Olig	-51.007214	-28.021431	15.0	1.0	-89.898895	37.474056	68	-89.9085922241211	37.48551559448242	13.542409523890475	15.13132020954029	0.8448127814874001
496	Cell_424	spot_70	0.8213327564532018	0	0.8213327564532018	0.9509832490697868	0	0.9509832490697868	Olig	-51.007347	-27.96921	15.0	1.0	-89.88504	37.480923	68	-89.9085922241211	37.48551559448242	13.542409523890475	15.318950028993605	0.9378011281327662
497	Cell_424	spot_70	0.8213327564532018	0	0.8213327564532018	0.9509832490697868	0	0.9509832490697868	Olig	-50.982746	-27.97838	15.0	1.0	-89.94184	37.501568	68	-89.9085922241211	37.48551559448242	13.542409523890475	14.549729761466105	1.2173860903798337
